,school,games,ors_pct,drs_pct,trs_pct,a_pct,pace,fga,fg_pct,ft_fga,ft_pct,ft,fta,three_ar,two_pct,three_pct,ast,w_pct,sos
1,Abilene Christian,25,0.3109,0.7271,1.038,0.66,72.6,1500,0.457,0.239,0.664,358,539,0.375,0.5250800426894343,0.345,450,0.84,-8.11
2,Air Force,24,0.1589,0.6448999999999999,0.8038,0.59,63.7,1119,0.447,0.218,0.695,244,351,0.455,0.5377049180327869,0.338,294,0.20800000000000002,0.32
3,Akron,21,0.311,0.7225,1.0334999999999999,0.5,70.6,1280,0.448,0.234,0.758,300,396,0.473,0.5466666666666666,0.337,285,0.667,-1.33
4,Alabama A&M,15,0.2807,0.708,0.9887,0.48,70.1,868,0.4,0.199,0.627,173,276,0.329,0.4536082474226804,0.29,165,0.4,-15.12
5,Alabama-Birmingham,27,0.29100000000000004,0.7429000000000001,1.0339,0.39,69.3,1619,0.454,0.225,0.694,365,526,0.276,0.5102389078498294,0.306,289,0.778,-3.92
6,Alabama State,18,0.2954,0.7044,0.9997999999999999,0.46,72.4,1009,0.38,0.277,0.647,279,431,0.347,0.41274658573596357,0.317,175,0.222,-17.12
7,Alabama,27,0.3069,0.7118000000000001,1.0187,0.51,75.7,1728,0.431,0.216,0.715,373,522,0.47,0.4978165938864629,0.355,381,0.778,10.26
8,Albany (NY),16,0.2231,0.7269,0.95,0.47,69.7,883,0.447,0.247,0.724,218,301,0.343,0.5051724137931034,0.337,187,0.43799999999999994,-4.31
9,Alcorn State,18,0.29719999999999996,0.6998000000000001,0.997,0.39,70.9,1043,0.398,0.253,0.737,264,358,0.336,0.4444444444444444,0.306,163,0.33299999999999996,-10.33
10,American,10,0.2415,0.7006,0.9421,0.52,67.5,557,0.445,0.189,0.705,105,149,0.427,0.4952978056426332,0.378,128,0.4,1.54
11,Appalachian State,28,0.2986,0.7261,1.0247,0.49,66.7,1626,0.415,0.253,0.737,411,558,0.431,0.48324324324324325,0.324,333,0.607,-4.99
12,Arizona State,23,0.21539999999999998,0.6944,0.9097999999999999,0.5,72.5,1395,0.433,0.248,0.728,346,475,0.356,0.4866369710467706,0.336,299,0.435,8.01
13,Arizona,26,0.34,0.7587999999999999,1.0988,0.6,68.4,1492,0.447,0.304,0.727,453,623,0.314,0.4814453125,0.372,403,0.654,6.05
14,Little Rock,26,0.3107,0.7254999999999999,1.0362,0.55,67.9,1401,0.455,0.259,0.702,363,517,0.337,0.5285252960172229,0.311,354,0.423,-5.05
15,Arkansas-Pine Bluff,24,0.2688,0.6825,0.9512999999999999,0.45,69.7,1303,0.387,0.277,0.719,361,502,0.292,0.41865509761388287,0.31,227,0.16699999999999998,-7.57
16,Arkansas State,24,0.3185,0.7240000000000001,1.0425,0.56,69.3,1390,0.447,0.248,0.722,345,478,0.289,0.4726720647773279,0.383,347,0.45799999999999996,-5.57
17,Arkansas,26,0.3166,0.7369,1.0534999999999999,0.5,75.3,1694,0.456,0.243,0.745,411,552,0.359,0.5193370165745856,0.344,390,0.8079999999999999,5.89
18,Army,20,0.2346,0.7617,0.9963,0.55,70.2,1167,0.462,0.177,0.629,207,329,0.412,0.5481049562682215,0.339,295,0.6,4.94
19,Auburn,27,0.3483,0.6849,1.0332,0.56,73.4,1628,0.437,0.256,0.708,417,589,0.461,0.5313568985176739,0.326,400,0.48100000000000004,9.74
20,Austin Peay,27,0.35969999999999996,0.7031999999999999,1.0629,0.49,69.0,1617,0.453,0.215,0.751,347,462,0.354,0.5162835249042146,0.339,357,0.519,-7.72
21,Ball State,22,0.2731,0.6986,0.9717,0.53,72.1,1309,0.444,0.216,0.747,283,379,0.414,0.516297262059974,0.341,309,0.455,-0.47
22,Baylor,22,0.37450000000000006,0.6923,1.0668,0.56,70.1,1389,0.497,0.189,0.686,262,382,0.391,0.541371158392435,0.429,384,0.955,5.19
23,Bellarmine,20,0.27940000000000004,0.7325,1.0119,0.56,65.1,1091,0.515,0.214,0.745,234,314,0.313,0.5786666666666667,0.375,316,0.65,-6.09
24,Belmont,30,0.2611,0.7247,0.9858,0.61,71.9,1829,0.489,0.208,0.738,380,515,0.43,0.5978886756238004,0.344,547,0.867,-8.13
25,Binghamton,18,0.2907,0.7251000000000001,1.0158,0.46,66.2,1039,0.414,0.156,0.672,162,241,0.454,0.48324514991181655,0.331,199,0.222,-4.48
26,Boise State,25,0.27690000000000003,0.7696999999999999,1.0466,0.5,70.1,1471,0.453,0.254,0.743,373,502,0.383,0.523704520396913,0.34,336,0.72,0.77
27,Boston College,19,0.2439,0.7209,0.9648,0.46,72.3,1140,0.423,0.204,0.704,233,331,0.466,0.4975369458128079,0.337,224,0.21100000000000002,9.88
28,Boston University,18,0.2891,0.741,1.0301,0.41,67.7,1034,0.436,0.215,0.75,222,296,0.379,0.5077881619937694,0.319,184,0.389,5.67
29,Bowling Green State,24,0.3077,0.7043,1.012,0.46,72.5,1594,0.423,0.215,0.739,342,463,0.39,0.4840698869475848,0.329,310,0.583,-1.11
30,Bradley,28,0.2928,0.7437999999999999,1.0366,0.52,66.4,1636,0.45,0.174,0.723,284,393,0.369,0.526621490803485,0.318,382,0.429,1.65
31,Brigham Young,25,0.2897,0.7703,1.06,0.58,70.5,1490,0.483,0.206,0.731,307,420,0.395,0.5521064301552107,0.378,417,0.8,5.18
33,Bryant,20,0.301,0.7023999999999999,1.0034,0.55,77.0,1235,0.473,0.271,0.753,335,445,0.397,0.5288590604026846,0.388,320,0.75,-5.87
34,Bucknell,11,0.2,0.7354,0.9354,0.47,72.9,618,0.456,0.291,0.769,180,234,0.387,0.5329815303430079,0.335,132,0.455,-3.59
35,Buffalo,21,0.36920000000000003,0.7389,1.1081,0.53,75.3,1413,0.466,0.196,0.681,277,407,0.313,0.529351184346035,0.326,348,0.667,-1.34
36,Butler,23,0.2559,0.7531,1.0090000000000001,0.54,65.6,1276,0.412,0.194,0.64,247,386,0.397,0.4714285714285714,0.322,284,0.391,10.67
37,Cal Poly,22,0.2241,0.7123999999999999,0.9364999999999999,0.57,68.6,1206,0.392,0.212,0.715,256,358,0.371,0.4426877470355731,0.306,268,0.136,-2.72
38,Cal State Bakersfield,25,0.3951,0.7453,1.1403999999999999,0.54,65.8,1479,0.446,0.199,0.715,294,411,0.272,0.4795539033457249,0.355,354,0.6,-3.55
39,Cal State Fullerton,15,0.2408,0.7033,0.9440999999999999,0.51,72.9,886,0.455,0.255,0.743,226,304,0.345,0.49137931034482757,0.386,206,0.4,-3.6
40,Cal State Northridge,21,0.25129999999999997,0.7182999999999999,0.9695999999999999,0.53,70.6,1254,0.431,0.222,0.718,278,387,0.377,0.4801536491677337,0.349,286,0.429,-2.93
41,California Baptist,22,0.2949,0.7454000000000001,1.0403,0.64,71.1,1283,0.478,0.249,0.735,319,434,0.412,0.5350993377483444,0.396,393,0.591,-6.18
42,UC-Davis,16,0.2737,0.7221,0.9958,0.43,71.4,921,0.439,0.303,0.784,279,356,0.311,0.48661417322834644,0.332,174,0.562,-6.63
43,UC-Irvine,24,0.3361,0.7645000000000001,1.1006,0.45,69.7,1464,0.453,0.209,0.752,306,407,0.24,0.4892086330935252,0.338,298,0.667,-2.22
44,UC-Riverside,20,0.2656,0.7631,1.0287,0.54,66.8,1158,0.455,0.156,0.693,181,261,0.422,0.5097159940209267,0.38,286,0.65,-4.03
45,UC-San Diego,17,0.1734,0.7028,0.8762000000000001,0.66,70.2,973,0.459,0.136,0.638,132,207,0.514,0.547568710359408,0.376,294,0.41200000000000003,-0.07
46,UC-Santa Barbara,23,0.2993,0.7718,1.0711000000000002,0.61,67.0,1310,0.486,0.238,0.743,312,420,0.34,0.5543981481481481,0.354,389,0.826,-3.8
47,University of California,27,0.2447,0.7578,1.0025,0.53,66.5,1437,0.428,0.24,0.693,345,498,0.404,0.4982497082847141,0.324,326,0.29600000000000004,7.2
48,Campbell,27,0.20679999999999998,0.6976,0.9044,0.55,65.8,1409,0.496,0.23,0.678,324,478,0.369,0.5669291338582677,0.375,387,0.63,-6.65
49,Canisius,13,0.2664,0.7323000000000001,0.9987,0.51,71.5,786,0.408,0.224,0.71,176,248,0.416,0.4880174291938998,0.297,165,0.5379999999999999,-6.71
50,Central Arkansas,24,0.2891,0.7241,1.0131999999999999,0.53,74.0,1388,0.437,0.23,0.717,319,445,0.337,0.47391304347826085,0.363,322,0.20800000000000002,-1.78
51,Central Connecticut State,21,0.23399999999999999,0.6736,0.9076,0.52,72.0,1230,0.424,0.199,0.702,245,349,0.376,0.485006518904824,0.324,270,0.23800000000000002,-4.24
52,Central Florida,21,0.2839,0.6836,0.9675,0.51,67.8,1153,0.431,0.218,0.736,251,341,0.402,0.4782608695652174,0.361,255,0.47600000000000003,8.64
53,Central Michigan,23,0.2767,0.6948000000000001,0.9715,0.39,74.9,1417,0.445,0.248,0.673,352,523,0.326,0.5015706806282723,0.329,246,0.304,-3.03
54,Charleston Southern,21,0.28190000000000004,0.6945999999999999,0.9764999999999999,0.45,70.2,1182,0.406,0.216,0.714,255,357,0.428,0.47337278106508873,0.316,217,0.14300000000000002,-5.49
55,Charlotte,24,0.2224,0.7545999999999999,0.9769999999999999,0.52,64.4,1207,0.437,0.274,0.729,331,454,0.351,0.49808429118773945,0.325,274,0.375,-1.97
56,Chattanooga,26,0.23870000000000002,0.7554000000000001,0.9941000000000001,0.48,68.6,1522,0.438,0.221,0.783,336,429,0.399,0.4907103825136612,0.359,319,0.6920000000000001,-2.37
57,Chicago State,9,0.1656,0.6207,0.7863,0.49,71.2,497,0.362,0.177,0.698,88,126,0.408,0.4387755102040816,0.251,89,0.0,1.86
58,Cincinnati,20,0.2828,0.7552,1.038,0.6,71.5,1167,0.431,0.213,0.659,249,378,0.391,0.5077355836849508,0.311,300,0.5,6.67
59,Citadel,25,0.25429999999999997,0.7497,1.004,0.55,74.9,1566,0.452,0.222,0.701,347,495,0.46,0.5342789598108747,0.356,389,0.52,-0.87
60,Clemson,22,0.2667,0.7345,1.0012,0.56,65.0,1215,0.426,0.183,0.76,222,292,0.438,0.49487554904831627,0.338,290,0.727,10.51
61,Cleveland State,25,0.3122,0.6779999999999999,0.9902,0.53,67.4,1444,0.449,0.221,0.672,319,475,0.35,0.516506922257721,0.323,343,0.72,-4.58
62,Coastal Carolina,23,0.3784,0.7345,1.1129,0.55,71.8,1419,0.459,0.233,0.73,330,452,0.394,0.5232558139534884,0.361,356,0.696,-7.92
63,Colgate,13,0.26739999999999997,0.7495,1.0169,0.55,72.3,809,0.494,0.24,0.732,194,265,0.366,0.5633528265107213,0.375,219,0.9229999999999999,1.93
64,College of Charleston,19,0.2468,0.7424,0.9891999999999999,0.42,64.7,1066,0.451,0.207,0.711,221,311,0.396,0.5015527950310559,0.374,201,0.474,-2.26
65,Colorado State,22,0.24170000000000003,0.746,0.9876999999999999,0.58,69.9,1187,0.482,0.278,0.797,330,414,0.447,0.573820395738204,0.368,334,0.773,-0.81
66,Colorado,27,0.2992,0.7459,1.0451000000000001,0.52,66.8,1537,0.457,0.248,0.834,381,457,0.36,0.508646998982706,0.366,369,0.741,6.73
68,Connecticut,20,0.364,0.7106,1.0746,0.49,66.4,1189,0.444,0.213,0.725,253,349,0.335,0.4943109987357775,0.344,257,0.7,9.19
69,Coppin State,21,0.1859,0.6783,0.8642,0.53,79.4,1236,0.412,0.271,0.626,335,535,0.494,0.5136,0.308,272,0.429,-5.82
71,Creighton,25,0.242,0.7198,0.9618000000000001,0.56,70.0,1498,0.482,0.182,0.651,272,418,0.445,0.5733173076923077,0.368,404,0.72,8.68
73,Davidson,21,0.284,0.7827,1.0667,0.58,63.7,1162,0.473,0.18,0.685,209,305,0.491,0.5760135135135135,0.367,318,0.619,4.11
74,Dayton,23,0.2373,0.7158,0.9531000000000001,0.56,66.4,1189,0.477,0.248,0.72,295,410,0.416,0.5504322766570605,0.374,316,0.609,5.07
75,Delaware State,19,0.2687,0.6796,0.9483,0.46,77.1,1183,0.396,0.217,0.72,257,357,0.416,0.4573082489146165,0.309,216,0.158,-5.89
76,Delaware,15,0.26899999999999996,0.7411,1.0101,0.54,67.8,793,0.438,0.267,0.714,212,297,0.405,0.5084745762711864,0.333,188,0.467,-4.16
77,Denver,21,0.2207,0.7373000000000001,0.9580000000000001,0.48,71.4,1172,0.443,0.245,0.721,287,398,0.344,0.49154746423927176,0.35,251,0.095,-6.55
78,DePaul,17,0.3194,0.6973,1.0167,0.46,70.6,1043,0.417,0.149,0.677,155,229,0.288,0.4576043068640646,0.317,202,0.235,9.49
79,Detroit Mercy,22,0.2699,0.7112,0.9811,0.53,68.2,1290,0.464,0.203,0.804,262,326,0.446,0.5216783216783217,0.391,315,0.545,-4.85
80,Dixie State,21,0.2532,0.687,0.9402000000000001,0.62,74.0,1227,0.419,0.249,0.714,305,427,0.341,0.47713226205191595,0.306,321,0.381,-4.26
81,Drake,29,0.31579999999999997,0.7505,1.0663,0.46,66.8,1757,0.494,0.174,0.713,305,428,0.314,0.5510373443983403,0.37,399,0.862,-1.45
82,Drexel,18,0.2928,0.7537999999999999,1.0466,0.58,66.3,990,0.479,0.221,0.777,219,282,0.358,0.5440251572327044,0.362,277,0.611,-4.25
83,Duke,22,0.3152,0.7166,1.0317999999999998,0.56,69.6,1360,0.466,0.162,0.696,220,316,0.385,0.5430622009569378,0.344,354,0.5,9.84
84,Duquesne,18,0.31010000000000004,0.6994,1.0095,0.55,68.4,1040,0.421,0.206,0.65,214,329,0.37,0.49312977099236643,0.299,241,0.5,3.6
85,East Carolina,18,0.272,0.7286,1.0006,0.67,69.0,1033,0.41,0.245,0.729,253,347,0.332,0.4608695652173913,0.309,286,0.444,3.98
86,East Tennessee State,25,0.2966,0.7428,1.0393999999999999,0.48,67.6,1416,0.438,0.208,0.697,295,423,0.406,0.4982164090368609,0.35,295,0.52,0.75
87,Eastern Illinois,27,0.2867,0.7048000000000001,0.9915,0.51,70.2,1623,0.436,0.169,0.657,274,417,0.354,0.4966634890371783,0.324,360,0.33299999999999996,-6.55
88,Eastern Kentucky,29,0.2672,0.7045,0.9717,0.53,76.1,1946,0.448,0.18,0.706,351,497,0.4,0.5068493150684932,0.359,461,0.759,-7.61
89,Eastern Michigan,18,0.2515,0.7071999999999999,0.9587,0.44,71.4,1077,0.416,0.226,0.745,243,326,0.382,0.4804804804804805,0.311,198,0.33299999999999996,0.02
90,Eastern Washington,20,0.23260000000000003,0.7326999999999999,0.9653,0.54,72.3,1207,0.467,0.234,0.791,283,358,0.402,0.538781163434903,0.361,305,0.65,-4.62
91,Elon,18,0.2532,0.7862,1.0393999999999999,0.47,67.1,1023,0.414,0.191,0.741,195,263,0.444,0.48154657293497366,0.33,199,0.556,-3.83
92,Evansville,25,0.19010000000000002,0.7595000000000001,0.9496000000000001,0.51,62.4,1299,0.44,0.182,0.718,237,330,0.49,0.5,0.377,291,0.36,0.42
93,Fairfield,23,0.2823,0.7442,1.0265,0.48,65.9,1249,0.401,0.229,0.692,286,413,0.355,0.4496894409937888,0.313,240,0.304,-5.7
94,Fairleigh Dickinson,24,0.2867,0.6686,0.9553,0.44,71.9,1432,0.45,0.221,0.712,317,445,0.361,0.492896174863388,0.375,287,0.375,-4.65
95,Florida A&M,19,0.30329999999999996,0.6815000000000001,0.9848,0.52,70.5,1063,0.443,0.193,0.649,205,316,0.269,0.4877734877734878,0.322,246,0.42100000000000004,-8.68
96,Florida Atlantic,21,0.3464,0.7705,1.1169,0.51,70.7,1297,0.466,0.183,0.651,237,364,0.419,0.5325365205843293,0.375,306,0.5710000000000001,-5.6
97,Florida Gulf Coast,18,0.2986,0.7212000000000001,1.0198,0.51,72.5,1126,0.429,0.16,0.664,180,271,0.443,0.5374800637958532,0.293,246,0.556,-6.88
98,Florida International,26,0.262,0.6761,0.9381,0.56,72.8,1604,0.43,0.163,0.666,261,392,0.509,0.5291878172588832,0.335,388,0.34600000000000003,-2.86
99,Florida State,20,0.3504,0.6965,1.0469,0.53,70.3,1204,0.472,0.239,0.737,288,391,0.362,0.5208333333333334,0.385,299,0.75,9.05
100,Florida,21,0.3074,0.6817,0.9891,0.45,71.1,1192,0.47,0.256,0.753,305,405,0.333,0.5270440251572327,0.355,250,0.619,10.89
101,Fordham,14,0.1923,0.6957,0.888,0.6,64.2,716,0.359,0.184,0.67,132,197,0.411,0.4218009478672986,0.269,153,0.14300000000000002,4.35
102,Fresno State,22,0.3152,0.7391,1.0543,0.45,66.3,1186,0.422,0.249,0.669,295,441,0.385,0.48559670781893005,0.322,225,0.5,0.45
103,Furman,25,0.272,0.7421,1.0141,0.57,70.9,1499,0.487,0.192,0.724,288,398,0.472,0.6169405815423514,0.342,416,0.64,-1.12
104,Gardner-Webb,26,0.2667,0.7193,0.9860000000000001,0.52,67.0,1465,0.444,0.207,0.69,303,439,0.439,0.5097323600973236,0.361,339,0.423,-5.42
105,George Mason,22,0.3017,0.7572,1.0589,0.5,69.2,1347,0.429,0.188,0.642,253,394,0.362,0.48604651162790696,0.329,287,0.591,1.53
106,George Washington,17,0.2446,0.7147,0.9593,0.47,68.9,928,0.443,0.252,0.699,234,335,0.339,0.5040783034257749,0.324,194,0.294,-0.41
107,Georgetown,21,0.3206,0.7238,1.0444,0.54,71.0,1245,0.425,0.215,0.755,268,355,0.393,0.46296296296296297,0.366,284,0.429,10.64
108,Georgia Southern,26,0.3248,0.7182999999999999,1.0431,0.47,68.4,1536,0.447,0.191,0.635,294,463,0.396,0.5301724137931034,0.319,322,0.5,-5.58
109,Georgia State,22,0.3129,0.6849,0.9978,0.57,71.2,1386,0.468,0.21,0.685,291,425,0.359,0.5298087739032621,0.358,369,0.727,-3.91
110,Georgia Tech,23,0.2427,0.706,0.9486999999999999,0.58,68.1,1347,0.475,0.209,0.73,281,385,0.374,0.5492289442467378,0.351,373,0.652,8.42
111,Georgia,25,0.3337,0.6866,1.0203,0.53,76.0,1543,0.459,0.24,0.69,371,538,0.32,0.5247619047619048,0.318,374,0.56,8.52
112,Gonzaga,25,0.3075,0.7654000000000001,1.0729,0.54,75.5,1555,0.552,0.264,0.73,411,563,0.318,0.6418473138548539,0.36,462,1.0,3.08
113,Grambling,22,0.2446,0.6984999999999999,0.9431,0.61,72.6,1202,0.428,0.283,0.668,340,509,0.286,0.4662004662004662,0.331,313,0.5,-13.02
114,Grand Canyon,21,0.3134,0.7817000000000001,1.0951,0.59,68.7,1203,0.492,0.215,0.676,259,383,0.356,0.5832258064516129,0.327,348,0.7140000000000001,-5.7
115,Green Bay,25,0.25730000000000003,0.7095999999999999,0.9669,0.54,67.7,1507,0.435,0.204,0.749,308,411,0.339,0.4879518072289157,0.333,352,0.32,-4.09
116,Hampton,25,0.221,0.6828,0.9037999999999999,0.47,70.1,1437,0.431,0.207,0.725,298,411,0.388,0.49318181818181817,0.332,292,0.44,-8.59
117,Hartford,22,0.2507,0.7119,0.9625999999999999,0.47,66.4,1196,0.437,0.196,0.703,234,333,0.43,0.5161290322580645,0.333,246,0.636,-5.42
119,Hawaii,20,0.3066,0.7526,1.0592,0.46,68.5,1156,0.446,0.227,0.72,262,364,0.377,0.49444444444444446,0.365,236,0.55,-4.4
120,High Point,24,0.32030000000000003,0.7177,1.038,0.52,67.4,1357,0.416,0.263,0.687,357,520,0.292,0.4672216441207076,0.29,292,0.375,-6.84
121,Hofstra,23,0.2928,0.7108,1.0036,0.49,68.9,1342,0.443,0.238,0.717,319,445,0.393,0.5165644171779141,0.33,293,0.565,-1.99
122,Holy Cross,16,0.2641,0.6845,0.9486,0.45,69.8,951,0.445,0.182,0.698,173,248,0.328,0.48826291079812206,0.356,190,0.312,5.31
123,Houston Baptist,23,0.25239999999999996,0.6811,0.9335,0.56,74.6,1368,0.429,0.204,0.734,279,380,0.406,0.4876847290640394,0.344,331,0.217,-4.88
124,Houston,24,0.39640000000000003,0.73,1.1264,0.5,66.9,1485,0.438,0.222,0.733,330,450,0.42,0.4965197215777262,0.356,326,0.875,4.26
125,Howard,5,0.2291,0.6939,0.9229999999999999,0.6,73.1,283,0.435,0.279,0.718,79,110,0.435,0.53125,0.309,74,0.2,-1.95
126,Idaho State,23,0.3221,0.7591,1.0812,0.5,66.3,1203,0.45,0.273,0.708,329,465,0.399,0.5228215767634855,0.34,270,0.565,-6.82
127,Idaho,21,0.22219999999999998,0.6994,0.9216,0.55,67.3,1083,0.428,0.217,0.73,235,322,0.316,0.46963562753036436,0.339,254,0.048,-4.01
128,Illinois-Chicago,22,0.23399999999999999,0.7269,0.9609000000000001,0.53,69.6,1301,0.429,0.15,0.659,195,296,0.418,0.5019815059445178,0.327,297,0.409,-6.35
129,Illinois State,25,0.2376,0.7393000000000001,0.9769000000000001,0.51,70.7,1477,0.46,0.167,0.661,246,372,0.383,0.531284302963776,0.345,345,0.28,0.84
130,Illinois,26,0.3274,0.7731,1.1005,0.55,71.5,1516,0.5,0.265,0.686,402,586,0.311,0.55311004784689,0.382,420,0.769,12.09
131,Incarnate Word,21,0.23629999999999998,0.6906,0.9269,0.52,68.1,1120,0.446,0.238,0.706,266,377,0.382,0.48554913294797686,0.381,260,0.381,-8.12
132,Indiana State,25,0.2503,0.7353000000000001,0.9856,0.46,66.8,1338,0.433,0.264,0.734,353,481,0.334,0.4837261503928171,0.333,267,0.6,2.37
133,Indiana,26,0.25329999999999997,0.7293000000000001,0.9826,0.57,67.3,1454,0.435,0.282,0.671,410,611,0.325,0.48574338085539714,0.331,362,0.462,13.77
134,Iona,13,0.3295,0.7225,1.052,0.58,71.3,741,0.453,0.26,0.745,193,259,0.398,0.515695067264574,0.359,196,0.615,-7.0
135,Iowa State,23,0.24,0.6658,0.9057999999999999,0.47,70.4,1341,0.418,0.158,0.779,212,272,0.386,0.4787363304981774,0.322,264,0.087,10.73
136,Iowa,27,0.3131,0.7109000000000001,1.024,0.64,71.0,1711,0.474,0.234,0.71,401,565,0.403,0.5264187866927593,0.396,518,0.741,10.92
137,Purdue-Fort Wayne,23,0.2618,0.6920999999999999,0.9538999999999999,0.52,69.4,1259,0.501,0.208,0.689,262,380,0.405,0.5700934579439252,0.4,328,0.348,-7.5
138,IUPUI,18,0.25420000000000004,0.747,1.0012,0.53,72.7,1069,0.423,0.219,0.718,234,326,0.389,0.47320061255742724,0.344,239,0.444,-5.97
139,Jackson State,16,0.2917,0.7404000000000001,1.0321,0.49,70.7,888,0.39,0.278,0.675,247,366,0.296,0.4144,0.331,169,0.688,-13.9
140,Jacksonville State,27,0.3225,0.723,1.0454999999999999,0.53,68.0,1568,0.461,0.217,0.685,340,496,0.393,0.5294117647058824,0.356,383,0.667,-5.54
141,Jacksonville,24,0.2482,0.7105,0.9587,0.47,69.5,1320,0.437,0.226,0.664,298,449,0.398,0.5125944584382871,0.323,269,0.45799999999999996,-6.45
142,James Madison,20,0.2937,0.7131000000000001,1.0068000000000001,0.51,72.4,1201,0.452,0.258,0.668,310,464,0.405,0.5272727272727272,0.342,276,0.65,-2.44
143,Kansas State,27,0.2933,0.723,1.0163,0.58,66.5,1465,0.409,0.19,0.664,279,420,0.412,0.4912891986062718,0.291,349,0.29600000000000004,9.09
144,Kansas,27,0.3186,0.7333,1.0519,0.52,69.6,1620,0.439,0.219,0.71,355,500,0.362,0.4932301740812379,0.343,370,0.7040000000000001,10.35
145,Kennesaw State,24,0.2547,0.7643000000000001,1.0190000000000001,0.46,69.7,1359,0.42,0.195,0.659,265,402,0.387,0.4885954381752701,0.312,260,0.20800000000000002,-3.27
146,Kent State,22,0.3538,0.7216,1.0754,0.52,70.9,1380,0.446,0.212,0.777,293,377,0.394,0.5227272727272727,0.327,319,0.682,-0.99
147,Kentucky,24,0.3311,0.698,1.0291,0.5,70.1,1413,0.417,0.255,0.734,361,492,0.318,0.45643153526970953,0.332,294,0.375,12.47
148,La Salle,25,0.2683,0.71,0.9783,0.5,69.7,1453,0.436,0.166,0.685,241,352,0.394,0.49772727272727274,0.34,318,0.36,4.21
149,Lafayette,15,0.2371,0.7153,0.9524000000000001,0.6,70.2,928,0.436,0.244,0.804,226,281,0.386,0.4842105263157895,0.36,243,0.6,-2.78
150,Lamar,25,0.2742,0.7218000000000001,0.9960000000000001,0.51,69.9,1446,0.407,0.235,0.736,340,462,0.278,0.44731800766283525,0.303,303,0.32,-6.65
151,Lehigh,15,0.2491,0.7619,1.011,0.49,71.3,901,0.431,0.195,0.701,176,251,0.256,0.4701492537313433,0.316,191,0.267,-0.76
152,Liberty,28,0.23800000000000002,0.7905,1.0285,0.59,64.5,1548,0.492,0.185,0.777,286,368,0.478,0.5841584158415841,0.391,446,0.821,-6.38
153,Lipscomb,27,0.23559999999999998,0.735,0.9706,0.53,68.4,1493,0.46,0.233,0.692,348,503,0.381,0.5270562770562771,0.351,364,0.556,-5.33
154,Cal State Long Beach,16,0.22010000000000002,0.6833,0.9034,0.46,73.7,914,0.438,0.271,0.678,248,366,0.341,0.4850498338870432,0.346,183,0.312,-4.26
155,Long Island University,18,0.3292,0.7154,1.0446,0.61,74.5,1155,0.415,0.208,0.667,240,360,0.404,0.501453488372093,0.287,293,0.5,-6.77
156,Longwood,28,0.2809,0.7328,1.0137,0.45,66.2,1527,0.434,0.216,0.686,330,481,0.379,0.4873417721518987,0.345,295,0.429,-6.12
157,Louisiana,26,0.3358,0.7267,1.0625,0.47,72.1,1607,0.444,0.201,0.698,323,463,0.331,0.49116279069767443,0.348,332,0.654,-5.21
158,Louisiana-Monroe,26,0.22699999999999998,0.6814,0.9084,0.58,67.7,1464,0.416,0.176,0.703,258,367,0.39,0.46472564389697646,0.34,355,0.26899999999999996,-5.67
159,Louisiana State,24,0.31129999999999997,0.6825,0.9937999999999999,0.43,73.2,1487,0.469,0.266,0.746,396,531,0.378,0.5437837837837838,0.345,300,0.667,8.25
160,Louisiana Tech,26,0.2808,0.7635,1.0443,0.47,71.2,1536,0.448,0.236,0.681,363,533,0.375,0.5114583333333333,0.342,323,0.769,-1.69
161,Louisville,19,0.3207,0.7417,1.0624,0.45,66.1,1084,0.438,0.233,0.717,253,353,0.297,0.4921259842519685,0.311,214,0.684,9.69
162,Loyola (IL),28,0.2535,0.7958,1.0493000000000001,0.6,63.9,1456,0.505,0.227,0.723,331,458,0.375,0.5868131868131868,0.368,442,0.857,0.13
163,Loyola Marymount,22,0.3204,0.7957,1.1160999999999999,0.53,67.8,1147,0.458,0.3,0.726,344,474,0.349,0.5220883534136547,0.338,280,0.591,3.07
164,Loyola (MD),15,0.31120000000000003,0.7347,1.0459,0.48,68.7,878,0.462,0.226,0.607,198,326,0.293,0.5297906602254429,0.3,195,0.33299999999999996,-1.45
165,Maine,9,0.23309999999999997,0.6973999999999999,0.9305,0.63,65.4,452,0.381,0.155,0.569,70,123,0.449,0.43373493975903615,0.315,108,0.222,-3.31
166,Manhattan,19,0.3132,0.7073,1.0205000000000002,0.54,68.0,1096,0.38,0.24,0.671,263,392,0.38,0.4477172312223859,0.271,225,0.368,-7.33
167,Marist,20,0.2229,0.7506999999999999,0.9735999999999998,0.49,66.7,1053,0.432,0.215,0.685,226,330,0.412,0.518578352180937,0.309,222,0.6,-7.82
168,Marquette,26,0.2956,0.7212000000000001,1.0168000000000001,0.51,68.3,1426,0.449,0.266,0.736,380,516,0.372,0.5206703910614525,0.328,326,0.5,9.39
169,Marshall,21,0.23670000000000002,0.715,0.9517,0.54,73.3,1315,0.478,0.183,0.727,240,330,0.405,0.5549872122762148,0.364,336,0.7140000000000001,-1.16
170,Maryland-Baltimore County,20,0.2585,0.7572,1.0156999999999998,0.45,68.7,1099,0.439,0.26,0.711,286,402,0.371,0.49782923299565845,0.341,219,0.7,-4.89
172,Maryland,27,0.20329999999999998,0.7617,0.965,0.55,66.2,1424,0.458,0.237,0.701,337,481,0.433,0.5353159851301115,0.357,359,0.556,12.74
173,Massachusetts-Lowell,22,0.2709,0.7309,1.0018,0.48,69.3,1179,0.46,0.253,0.659,298,452,0.338,0.5115384615384615,0.358,262,0.5,-2.81
174,Massachusetts,15,0.2429,0.7441,0.9869999999999999,0.57,72.3,920,0.428,0.251,0.733,231,315,0.44,0.5087378640776699,0.326,224,0.5329999999999999,2.28
175,McNeese State,23,0.312,0.7484999999999999,1.0605,0.62,73.4,1403,0.495,0.195,0.687,274,399,0.358,0.5516093229744728,0.392,428,0.435,-10.9
176,Memphis,22,0.33840000000000003,0.7548999999999999,1.0933,0.62,72.8,1305,0.441,0.207,0.618,270,437,0.358,0.4880668257756563,0.355,355,0.682,2.85
177,Mercer,29,0.26170000000000004,0.7542,1.0159,0.58,70.1,1738,0.479,0.179,0.718,311,433,0.387,0.5464788732394367,0.371,479,0.621,-1.02
178,Merrimack,18,0.2084,0.6835,0.8919,0.5,68.0,967,0.449,0.206,0.663,199,300,0.412,0.5413005272407733,0.317,216,0.5,-6.63
179,Miami (FL),24,0.273,0.7372,1.0102,0.47,68.2,1362,0.419,0.225,0.693,307,443,0.338,0.48226164079822614,0.293,269,0.33299999999999996,8.64
180,Miami (OH),22,0.2811,0.7186,0.9997,0.47,67.5,1307,0.438,0.201,0.771,263,341,0.399,0.48662420382165605,0.366,268,0.545,-2.01
181,Michigan State,26,0.30579999999999996,0.7395999999999999,1.0453999999999999,0.65,69.1,1521,0.425,0.228,0.729,347,476,0.343,0.478,0.322,418,0.5770000000000001,12.74
182,Michigan,22,0.29410000000000003,0.7521,1.0461999999999998,0.54,68.1,1265,0.488,0.224,0.765,283,370,0.338,0.5393794749403341,0.386,336,0.8640000000000001,12.33
183,Middle Tennessee,22,0.2602,0.7472,1.0073999999999999,0.44,70.2,1276,0.388,0.17,0.68,217,319,0.397,0.4317295188556567,0.321,219,0.22699999999999998,-0.82
184,Milwaukee,22,0.24050000000000002,0.7337,0.9742000000000001,0.48,71.1,1348,0.436,0.243,0.732,327,447,0.359,0.4965277777777778,0.329,285,0.455,-5.94
185,Minnesota,27,0.2919,0.6785,0.9703999999999999,0.57,70.5,1668,0.394,0.28,0.756,467,618,0.406,0.4686868686868687,0.286,374,0.48100000000000004,12.83
186,Mississippi State,27,0.3568,0.7251000000000001,1.0819,0.5,67.1,1535,0.455,0.216,0.641,332,518,0.27,0.49464285714285716,0.349,351,0.519,6.21
187,Mississippi Valley State,23,0.1744,0.6434000000000001,0.8178,0.56,73.8,1284,0.357,0.138,0.567,177,312,0.485,0.37972768532526474,0.332,256,0.087,-7.82
188,Mississippi,25,0.3433,0.7328,1.0761,0.5,67.3,1411,0.442,0.24,0.695,339,488,0.31,0.5071868583162218,0.297,309,0.6,6.37
189,Missouri-Kansas City,24,0.2427,0.7603,1.003,0.55,66.5,1292,0.497,0.193,0.66,250,379,0.315,0.5570621468926553,0.366,355,0.45799999999999996,-3.03
190,Missouri State,24,0.248,0.7793000000000001,1.0273,0.51,68.7,1332,0.478,0.231,0.742,308,415,0.387,0.5593635250917993,0.35,325,0.708,0.32
191,Missouri,23,0.2895,0.7049,0.9944,0.51,70.2,1327,0.451,0.262,0.697,348,499,0.378,0.5309090909090909,0.319,306,0.652,11.21
192,Monmouth,19,0.262,0.7166,0.9786,0.54,74.7,1166,0.428,0.27,0.706,315,446,0.347,0.4612352168199737,0.365,270,0.632,-6.5
193,Montana State,20,0.2572,0.7495999999999999,1.0068,0.46,70.1,1127,0.46,0.292,0.749,329,439,0.343,0.5209176788124157,0.342,237,0.55,-6.32
194,Montana,25,0.2519,0.7343999999999999,0.9863,0.52,67.7,1350,0.462,0.295,0.791,398,503,0.271,0.4959349593495935,0.372,324,0.52,-2.34
195,Morehead State,30,0.3172,0.7563,1.0735,0.52,67.2,1601,0.461,0.245,0.682,392,575,0.351,0.5206929740134745,0.351,382,0.767,-4.37
196,Morgan State,19,0.34619999999999995,0.6989,1.0451,0.55,75.8,1208,0.44,0.254,0.742,307,414,0.386,0.49865229110512127,0.348,295,0.632,-11.0
197,Mount St. Mary's,21,0.3179,0.75,1.0678999999999998,0.51,63.6,1135,0.427,0.192,0.675,218,323,0.367,0.47844228094575797,0.339,249,0.524,-5.07
198,Murray State,26,0.2832,0.7551000000000001,1.0383000000000002,0.57,69.4,1522,0.497,0.171,0.672,260,387,0.378,0.5761099365750528,0.368,435,0.5,-7.63
199,Navy,18,0.3233,0.7504000000000001,1.0737,0.48,67.2,1042,0.447,0.234,0.709,244,344,0.326,0.5056980056980057,0.326,222,0.833,-0.5
200,Omaha,25,0.2299,0.7342,0.9641,0.38,72.2,1494,0.418,0.201,0.688,300,436,0.266,0.44849589790337285,0.335,236,0.2,-2.49
201,Nebraska,26,0.23629999999999998,0.7219,0.9581999999999999,0.55,73.0,1544,0.419,0.201,0.635,310,488,0.422,0.47928331466965285,0.336,355,0.26899999999999996,13.43
202,Nevada-Las Vegas,25,0.3024,0.7526,1.055,0.5,66.7,1474,0.445,0.149,0.705,220,312,0.407,0.5102974828375286,0.35,327,0.44,1.32
203,Nevada,24,0.2376,0.7526,0.9902000000000001,0.58,69.9,1331,0.448,0.284,0.754,378,501,0.397,0.5093399750933998,0.354,347,0.625,1.11
204,New Hampshire,19,0.2804,0.7828,1.0632,0.47,67.7,1124,0.402,0.218,0.684,245,358,0.36,0.44923504867872044,0.319,213,0.526,-5.65
205,New Mexico State,17,0.3567,0.7736,1.1303,0.52,66.4,996,0.423,0.225,0.723,224,310,0.474,0.5267175572519084,0.307,219,0.588,-6.49
206,New Mexico,21,0.3494,0.7193,1.0687,0.51,68.7,1247,0.413,0.189,0.594,236,397,0.284,0.47256438969764836,0.263,262,0.28600000000000003,-1.66
207,New Orleans,23,0.299,0.6843,0.9833000000000002,0.56,74.4,1383,0.472,0.223,0.732,308,421,0.283,0.53125,0.322,365,0.391,-8.97
208,Niagara,18,0.2263,0.7218000000000001,0.9481,0.52,65.6,990,0.411,0.232,0.706,230,326,0.369,0.4624,0.323,213,0.444,-6.18
209,Nicholls State,23,0.2887,0.7247,1.0134,0.46,74.4,1487,0.461,0.183,0.672,272,405,0.373,0.5359056806002144,0.334,313,0.7390000000000001,-9.43
210,NJIT,19,0.24,0.7098,0.9498000000000001,0.41,68.1,1088,0.404,0.236,0.691,257,372,0.358,0.45988538681948427,0.305,181,0.368,-4.84
211,Norfolk State,21,0.284,0.7253000000000001,1.0093,0.46,72.2,1240,0.435,0.269,0.698,333,477,0.352,0.47447073474470736,0.364,248,0.667,-9.67
212,North Alabama,24,0.2932,0.7656000000000001,1.0588,0.44,71.3,1457,0.428,0.217,0.745,316,424,0.391,0.4864864864864865,0.337,272,0.542,-5.92
213,North Carolina-Asheville,20,0.26839999999999997,0.6679999999999999,0.9364,0.46,69.9,1151,0.476,0.183,0.606,211,348,0.391,0.5520684736091298,0.358,254,0.5,-6.88
214,North Carolina A&T,21,0.2777,0.6648999999999999,0.9425999999999999,0.53,74.3,1273,0.421,0.242,0.658,308,468,0.337,0.4727488151658768,0.319,285,0.524,-7.3
215,North Carolina Central,13,0.2495,0.6953,0.9448000000000001,0.51,69.8,731,0.43,0.227,0.703,166,236,0.354,0.4745762711864407,0.347,160,0.385,-8.07
216,North Carolina-Greensboro,29,0.3187,0.7465999999999999,1.0653,0.44,70.5,1894,0.424,0.163,0.683,308,451,0.389,0.5025906735751295,0.3,356,0.7240000000000001,-2.24
217,North Carolina State,22,0.29359999999999997,0.6779000000000001,0.9715,0.48,68.7,1257,0.473,0.221,0.697,278,399,0.325,0.5265017667844523,0.363,288,0.591,7.08
218,North Carolina-Wilmington,17,0.2705,0.6968000000000001,0.9673,0.47,70.7,1011,0.437,0.282,0.766,285,372,0.367,0.490625,0.345,206,0.41200000000000003,-5.76
219,North Carolina,25,0.40490000000000004,0.74,1.1449,0.57,72.0,1553,0.442,0.235,0.671,365,544,0.279,0.4928571428571429,0.309,393,0.64,9.88
220,North Dakota State,26,0.2867,0.8027,1.0894,0.42,66.4,1427,0.444,0.256,0.759,366,482,0.367,0.5060908084163898,0.338,269,0.5770000000000001,-3.2
221,North Dakota,26,0.2339,0.7351000000000001,0.9690000000000001,0.49,69.0,1454,0.428,0.241,0.698,351,503,0.388,0.48651685393258426,0.337,306,0.34600000000000003,-3.8
222,North Florida,23,0.2667,0.6551,0.9218000000000001,0.52,68.6,1282,0.445,0.181,0.714,232,325,0.488,0.5190258751902588,0.366,296,0.348,-4.18
223,North Texas,22,0.2801,0.7425,1.0226,0.52,66.8,1190,0.484,0.205,0.731,244,334,0.377,0.5519568151147098,0.372,297,0.591,-0.02
224,Northeastern,19,0.20190000000000002,0.7373999999999999,0.9392999999999999,0.51,68.4,1044,0.438,0.193,0.742,201,271,0.439,0.5034129692832765,0.354,234,0.526,0.81
225,Northern Arizona,20,0.24280000000000002,0.723,0.9658,0.47,64.9,1092,0.414,0.207,0.681,226,332,0.332,0.4506849315068493,0.34,211,0.25,-2.46
226,Northern Colorado,20,0.2348,0.7931999999999999,1.028,0.44,69.1,1100,0.444,0.205,0.659,226,343,0.433,0.5,0.37,215,0.5,-5.34
227,Northern Illinois,19,0.3257,0.6869,1.0126,0.45,67.4,1143,0.399,0.147,0.615,168,273,0.281,0.4282238442822384,0.324,204,0.158,-1.63
228,Northern Iowa,25,0.2579,0.7888,1.0467,0.51,68.9,1461,0.443,0.177,0.683,258,378,0.392,0.5185601799775028,0.325,329,0.4,2.73
229,Northern Kentucky,25,0.3494,0.6729999999999999,1.0224,0.45,66.2,1476,0.446,0.196,0.705,289,410,0.396,0.5369955156950673,0.307,295,0.56,-5.76
230,Northwestern State,27,0.2672,0.6793,0.9465,0.48,73.1,1663,0.432,0.19,0.671,316,471,0.342,0.47714808043875684,0.344,346,0.37,-4.54
231,Northwestern,23,0.2173,0.7462000000000001,0.9635000000000001,0.58,69.3,1343,0.439,0.199,0.728,267,367,0.408,0.49559748427672956,0.356,343,0.391,13.22
232,Notre Dame,24,0.2134,0.7204,0.9338000000000001,0.58,67.3,1360,0.463,0.201,0.77,274,356,0.434,0.5363636363636364,0.368,364,0.41700000000000004,10.62
233,Oakland,29,0.30219999999999997,0.6605,0.9627,0.57,70.5,1794,0.419,0.234,0.699,419,599,0.412,0.4781783681214421,0.335,430,0.414,-1.5
234,Ohio State,26,0.2942,0.7338,1.028,0.48,67.5,1475,0.46,0.29,0.77,428,556,0.398,0.5259009009009009,0.361,329,0.6920000000000001,13.04
235,Ohio,20,0.2792,0.736,1.0151999999999999,0.61,72.0,1222,0.484,0.205,0.703,251,357,0.394,0.5716216216216217,0.351,362,0.65,-1.91
236,Oklahoma State,25,0.3176,0.7043,1.0219,0.48,72.5,1473,0.466,0.26,0.711,383,539,0.322,0.5275275275275275,0.338,328,0.72,9.22
237,Oklahoma,23,0.2763,0.7225,0.9987999999999999,0.5,69.1,1413,0.438,0.216,0.742,305,411,0.393,0.5064177362893816,0.333,307,0.609,8.3
238,Old Dominion,22,0.2812,0.75,1.0312000000000001,0.49,68.6,1255,0.449,0.222,0.691,279,404,0.303,0.5165714285714286,0.292,274,0.682,-0.88
239,Oral Roberts,25,0.2401,0.6894,0.9295,0.44,73.7,1555,0.455,0.225,0.824,350,425,0.466,0.5090252707581228,0.394,315,0.6,-2.45
240,Oregon State,26,0.2998,0.7197,1.0195,0.6,66.3,1476,0.432,0.253,0.76,373,491,0.345,0.4788004136504654,0.342,383,0.5379999999999999,7.09
241,Oregon,24,0.2899,0.7284999999999999,1.0184,0.48,67.8,1399,0.469,0.189,0.712,265,372,0.38,0.5236447520184544,0.38,318,0.792,6.76
242,Pacific,18,0.2889,0.7666,1.0554999999999999,0.49,69.1,1093,0.438,0.188,0.679,205,302,0.285,0.4936061381074169,0.299,233,0.5,4.25
243,Penn State,23,0.315,0.747,1.062,0.52,69.8,1445,0.407,0.199,0.73,287,393,0.42,0.45465393794749404,0.341,303,0.435,15.54
245,Pepperdine,24,0.23620000000000002,0.7268000000000001,0.9630000000000001,0.59,72.3,1425,0.456,0.254,0.78,362,464,0.366,0.5331858407079646,0.322,381,0.5,5.23
246,Pittsburgh,21,0.34590000000000004,0.7414000000000001,1.0873,0.59,68.5,1222,0.43,0.253,0.673,309,459,0.329,0.4768292682926829,0.333,312,0.47600000000000003,8.04
247,Portland State,21,0.32549999999999996,0.7672,1.0927,0.47,70.4,1279,0.401,0.214,0.667,274,411,0.381,0.4633838383838384,0.3,240,0.429,-5.44
248,Portland,21,0.1867,0.6844,0.8711,0.51,73.0,1187,0.411,0.278,0.775,330,426,0.38,0.45516304347826086,0.339,250,0.28600000000000003,3.74
249,Prairie View,18,0.3032,0.6872,0.9904,0.63,70.6,1064,0.453,0.179,0.667,190,285,0.361,0.538235294117647,0.302,302,0.778,-14.52
250,Presbyterian,22,0.3233,0.7273999999999999,1.0507,0.47,66.8,1199,0.416,0.238,0.685,285,416,0.349,0.47503201024327785,0.306,235,0.318,-8.32
252,Providence,25,0.2921,0.7034999999999999,0.9956,0.53,67.1,1472,0.433,0.219,0.711,323,454,0.331,0.4873096446700508,0.322,340,0.52,10.21
253,Purdue,26,0.3222,0.7639,1.0861,0.56,66.9,1465,0.452,0.229,0.72,335,465,0.373,0.5217864923747276,0.335,370,0.6920000000000001,12.49
254,Quinnipiac,21,0.2119,0.7245999999999999,0.9364999999999999,0.55,72.1,1201,0.407,0.247,0.699,297,425,0.413,0.46382978723404256,0.327,267,0.429,-6.93
255,Radford,27,0.34450000000000003,0.7581,1.1026,0.47,64.7,1408,0.457,0.27,0.681,380,558,0.358,0.5376106194690266,0.313,301,0.556,-5.93
256,Rhode Island,25,0.2969,0.7381,1.035,0.48,70.4,1436,0.442,0.26,0.668,373,558,0.319,0.5030674846625767,0.312,303,0.4,5.86
257,Rice,25,0.2803,0.7486,1.0289,0.58,73.1,1510,0.438,0.194,0.727,293,403,0.486,0.5167525773195877,0.354,382,0.52,-1.76
258,Richmond,21,0.19820000000000002,0.7256999999999999,0.9238999999999998,0.53,70.1,1213,0.474,0.221,0.73,268,367,0.364,0.5427461139896373,0.354,305,0.619,5.67
259,Rider,22,0.26280000000000003,0.7326,0.9954000000000001,0.5,69.0,1273,0.426,0.211,0.737,269,365,0.314,0.46048109965635736,0.35,273,0.273,-4.94
260,Robert Morris,19,0.2949,0.6662,0.9611,0.58,68.5,1169,0.443,0.168,0.656,196,299,0.337,0.48516129032258065,0.36,299,0.21100000000000002,-4.3
261,Rutgers,24,0.27690000000000003,0.7148,0.9917,0.52,68.6,1430,0.452,0.173,0.624,247,396,0.329,0.5192909280500522,0.316,336,0.583,13.19
262,Sacramento State,19,0.2779,0.7434999999999999,1.0213999999999999,0.49,66.1,1096,0.453,0.219,0.682,240,352,0.321,0.4986559139784946,0.358,246,0.42100000000000004,-4.33
263,Sacred Heart,18,0.295,0.6828,0.9778,0.56,68.0,1046,0.412,0.249,0.741,260,351,0.415,0.47058823529411764,0.329,241,0.5,-5.49
264,Saint Francis (PA),22,0.2882,0.7137,1.0019,0.52,69.7,1266,0.427,0.24,0.714,304,426,0.329,0.48527679623085984,0.309,282,0.273,-3.9
265,Saint Joseph's,20,0.2146,0.6929000000000001,0.9075,0.57,73.0,1238,0.409,0.194,0.725,240,331,0.492,0.5007949125596184,0.314,287,0.25,7.03
266,Saint Louis,20,0.36090000000000005,0.7801,1.141,0.63,68.5,1205,0.464,0.214,0.703,258,367,0.309,0.5138055222088835,0.352,353,0.7,2.75
267,Saint Mary's (CA),23,0.2595,0.7806000000000001,1.0401,0.45,66.0,1279,0.421,0.202,0.729,258,354,0.377,0.4981179422835634,0.293,241,0.609,5.88
268,Saint Peter's,23,0.3016,0.7179000000000001,1.0195,0.53,68.9,1288,0.394,0.234,0.695,301,433,0.345,0.43534994068801897,0.317,267,0.565,-5.66
269,Sam Houston State,27,0.3015,0.6897,0.9912000000000001,0.55,75.1,1697,0.453,0.222,0.693,377,544,0.408,0.5219123505976095,0.354,420,0.7040000000000001,-4.47
270,Samford,19,0.3041,0.7495999999999999,1.0536999999999999,0.52,75.0,1218,0.444,0.186,0.686,227,331,0.397,0.5313351498637602,0.312,283,0.316,-1.11
271,San Diego State,24,0.2967,0.7675,1.0642,0.55,67.4,1367,0.454,0.245,0.72,335,465,0.406,0.5036945812807881,0.38,340,0.833,1.98
272,San Diego,14,0.209,0.7437999999999999,0.9528,0.53,72.2,847,0.416,0.166,0.65,141,217,0.319,0.4679376083188908,0.304,185,0.214,4.37
273,San Francisco,25,0.2489,0.755,1.0039,0.46,69.5,1514,0.427,0.154,0.717,233,325,0.502,0.5145888594164456,0.341,295,0.44,2.87
274,San Jose State,20,0.20550000000000002,0.6598999999999999,0.8654,0.43,72.2,1191,0.39,0.187,0.645,223,346,0.398,0.4421199442119944,0.312,198,0.25,1.28
275,Santa Clara,20,0.23199999999999998,0.7584000000000001,0.9904000000000001,0.49,72.1,1121,0.434,0.277,0.684,311,455,0.32,0.49343832020997375,0.306,240,0.6,1.1
276,Seattle,21,0.2771,0.7025,0.9796,0.46,70.6,1304,0.419,0.218,0.74,284,384,0.417,0.4934210526315789,0.314,251,0.524,-5.43
277,Seton Hall,25,0.2926,0.6994,0.992,0.52,67.8,1403,0.445,0.264,0.739,371,502,0.376,0.5182648401826484,0.323,326,0.52,10.48
278,Siena,16,0.2868,0.7381,1.0249000000000001,0.53,66.4,852,0.459,0.249,0.669,212,317,0.351,0.5207956600361664,0.344,207,0.75,-8.04
279,South Alabama,28,0.272,0.6801,0.9521000000000001,0.44,68.4,1621,0.441,0.24,0.718,389,542,0.436,0.5021881838074398,0.362,314,0.607,-5.28
280,South Carolina State,18,0.2577,0.6655,0.9231999999999999,0.44,72.5,1033,0.388,0.171,0.621,177,285,0.376,0.4310077519379845,0.317,178,0.055999999999999994,-6.54
281,South Carolina Upstate,23,0.2369,0.7023999999999999,0.9392999999999999,0.51,68.9,1269,0.424,0.211,0.72,268,372,0.4,0.48226018396846254,0.337,276,0.217,-4.51
282,South Carolina,20,0.3188,0.6919,1.0107,0.5,75.9,1305,0.418,0.179,0.652,234,359,0.349,0.4764705882352941,0.308,270,0.3,10.65
283,South Dakota State,23,0.24350000000000002,0.8,1.0434999999999999,0.5,71.9,1315,0.498,0.27,0.716,355,496,0.348,0.5484247374562428,0.404,327,0.696,-2.56
284,South Dakota,25,0.2206,0.7598999999999999,0.9804999999999999,0.52,70.2,1438,0.469,0.254,0.78,365,468,0.332,0.5083333333333333,0.389,349,0.56,-3.89
285,South Florida,20,0.3369,0.7402,1.0771,0.49,68.3,1152,0.403,0.224,0.642,258,402,0.33,0.4417098445595855,0.324,227,0.4,6.67
286,Southeast Missouri State,27,0.2762,0.7635,1.0397,0.59,68.9,1468,0.429,0.272,0.671,399,595,0.396,0.4796839729119639,0.352,374,0.40700000000000003,-6.99
287,Southeastern Louisiana,24,0.3124,0.6997,1.0121,0.44,71.6,1374,0.396,0.281,0.669,386,577,0.402,0.4586374695863747,0.303,241,0.292,-7.31
288,Southern California,27,0.3664,0.7304,1.0968,0.51,67.8,1575,0.465,0.237,0.644,374,581,0.312,0.5198522622345337,0.343,374,0.778,7.45
289,SIU Edwardsville,26,0.2646,0.6901999999999999,0.9547999999999999,0.54,69.8,1403,0.441,0.225,0.68,315,463,0.349,0.5071193866374589,0.318,337,0.34600000000000003,-5.45
290,Southern Illinois,26,0.16949999999999998,0.7526999999999999,0.9222,0.57,65.8,1362,0.451,0.195,0.665,266,400,0.411,0.5037406483790524,0.375,352,0.462,1.05
291,Southern Methodist,15,0.2988,0.7123,1.0110999999999999,0.57,70.4,879,0.457,0.228,0.738,200,271,0.369,0.5261261261261261,0.34,230,0.733,4.38
292,Southern Mississippi,24,0.24600000000000002,0.7626999999999999,1.0087000000000002,0.49,68.5,1338,0.434,0.194,0.674,259,384,0.304,0.4822771213748657,0.324,285,0.33299999999999996,-1.95
293,Southern Utah,22,0.3249,0.7892,1.1140999999999999,0.49,73.0,1343,0.478,0.278,0.739,374,506,0.431,0.5850785340314136,0.337,317,0.8640000000000001,-6.55
294,Southern,18,0.2749,0.7465,1.0214,0.58,73.2,1022,0.434,0.267,0.672,273,406,0.295,0.4791666666666667,0.328,257,0.444,-12.8
295,St. Bonaventure,19,0.33640000000000003,0.7078,1.0442,0.57,65.0,1099,0.451,0.201,0.729,221,303,0.319,0.49866310160427807,0.35,284,0.789,4.73
296,St. Francis (NY),19,0.30210000000000004,0.6972,0.9993000000000001,0.5,73.6,1215,0.446,0.226,0.735,274,373,0.293,0.4935972060535506,0.331,271,0.474,-6.38
297,St. John's (NY),26,0.2918,0.7004,0.9922,0.57,74.3,1671,0.452,0.215,0.749,359,479,0.333,0.5031390134529148,0.349,430,0.615,8.11
298,Stanford,26,0.25370000000000004,0.7125,0.9662000000000001,0.49,69.8,1408,0.467,0.262,0.715,369,516,0.31,0.5329218106995884,0.321,323,0.5379999999999999,8.24
299,Stephen F. Austin,21,0.3682,0.7312000000000001,1.0994,0.53,72.7,1195,0.521,0.286,0.68,342,503,0.249,0.5812917594654788,0.337,331,0.762,-8.47
300,Stetson,25,0.293,0.7379000000000001,1.0309,0.55,68.7,1470,0.437,0.19,0.698,280,401,0.423,0.47877358490566035,0.379,351,0.44,-4.46
301,Stony Brook,23,0.3079,0.7298,1.0377,0.51,67.7,1318,0.412,0.225,0.682,296,434,0.359,0.47692307692307695,0.296,278,0.391,-3.79
302,Syracuse,23,0.2974,0.6686,0.966,0.56,70.3,1417,0.436,0.227,0.785,321,409,0.389,0.5046189376443418,0.328,347,0.652,8.42
303,Tarleton State,20,0.2595,0.7149,0.9743999999999999,0.55,69.2,1129,0.469,0.263,0.721,297,412,0.258,0.5011933174224343,0.378,294,0.5,-3.8
304,Temple,15,0.265,0.7184,0.9834,0.61,67.9,807,0.401,0.28,0.713,226,317,0.395,0.4426229508196721,0.339,198,0.33299999999999996,6.4
305,Tennessee-Martin,24,0.2925,0.6670999999999999,0.9595999999999999,0.52,68.7,1393,0.399,0.211,0.719,294,409,0.355,0.4354120267260579,0.333,289,0.33299999999999996,-5.33
306,Tennessee State,23,0.255,0.6914,0.9464,0.47,72.5,1342,0.423,0.223,0.683,299,438,0.358,0.4988399071925754,0.288,268,0.174,-6.62
307,Tennessee Tech,27,0.2663,0.7222,0.9884999999999999,0.58,70.2,1517,0.432,0.183,0.676,277,410,0.427,0.5155350978135789,0.321,380,0.185,-3.15
308,Tennessee,24,0.3136,0.7193999999999999,1.033,0.59,68.4,1371,0.443,0.267,0.745,366,491,0.34,0.4983425414364641,0.337,357,0.708,8.38
309,Texas A&M-Corpus Christi,24,0.2458,0.7184999999999999,0.9642999999999999,0.57,71.3,1296,0.418,0.245,0.685,317,463,0.358,0.4675480769230769,0.33,308,0.20800000000000002,-6.02
310,Texas A&M,17,0.32270000000000004,0.7021999999999999,1.0249000000000001,0.54,66.0,900,0.416,0.257,0.731,231,316,0.407,0.4943820224719101,0.301,201,0.47100000000000003,5.2
311,Texas-Arlington,26,0.2933,0.7004,0.9937,0.52,71.6,1658,0.408,0.197,0.736,327,444,0.397,0.44244244244244246,0.357,353,0.5,-4.25
312,Texas Christian,25,0.2883,0.7089,0.9972,0.55,67.7,1374,0.44,0.222,0.676,305,451,0.363,0.496,0.343,330,0.48,7.65
313,Texas-El Paso,23,0.2418,0.7637999999999999,1.0056,0.48,69.6,1371,0.426,0.213,0.747,292,391,0.369,0.48092485549132946,0.332,279,0.522,1.39
314,Texas-Rio Grande Valley,18,0.33159999999999995,0.6840999999999999,1.0156999999999998,0.61,74.8,1112,0.409,0.253,0.639,281,440,0.371,0.47353361945636624,0.3,277,0.5,-5.9
315,Texas-San Antonio,24,0.3018,0.7358,1.0375999999999999,0.49,73.7,1583,0.45,0.184,0.76,291,383,0.365,0.5134328358208955,0.339,351,0.583,-0.33
316,Texas Southern,21,0.3232,0.7451000000000001,1.0683,0.46,74.6,1265,0.445,0.261,0.696,330,474,0.27,0.504875406283857,0.284,259,0.619,-10.31
317,Texas State,25,0.2981,0.7459,1.044,0.53,64.6,1359,0.463,0.194,0.707,263,372,0.269,0.49345417925478346,0.38,331,0.72,-7.18
318,Texas Tech,26,0.3326,0.7084999999999999,1.0411,0.51,67.1,1489,0.445,0.282,0.714,420,588,0.314,0.48971596474045054,0.346,337,0.654,6.68
319,Texas,24,0.3042,0.7379000000000001,1.0421,0.5,69.5,1394,0.453,0.236,0.701,329,469,0.421,0.5254027261462205,0.353,317,0.708,9.52
320,Toledo,27,0.2916,0.7003,0.9919,0.57,70.3,1677,0.458,0.219,0.785,368,469,0.451,0.5173913043478261,0.386,441,0.741,-1.43
321,Towson,18,0.3414,0.6967,1.0381,0.39,66.8,1055,0.411,0.243,0.727,256,352,0.295,0.46236559139784944,0.289,170,0.222,-1.47
322,Troy,28,0.2882,0.7421,1.0303,0.5,70.2,1596,0.398,0.242,0.695,386,555,0.388,0.4759467758444217,0.276,320,0.39299999999999996,-3.42
323,Tulane,21,0.2316,0.7016,0.9331999999999999,0.55,68.1,1158,0.38,0.276,0.755,320,424,0.403,0.43270622286541244,0.302,241,0.429,2.93
324,Tulsa,22,0.264,0.6906,0.9546000000000001,0.57,68.0,1196,0.453,0.227,0.677,272,402,0.395,0.5455801104972375,0.311,309,0.5,6.01
325,UCLA,25,0.2961,0.7609,1.057,0.53,65.4,1422,0.463,0.231,0.72,329,457,0.317,0.505664263645726,0.373,346,0.68,8.25
326,Utah State,25,0.3549,0.7973,1.1522,0.6,70.1,1508,0.452,0.219,0.717,330,460,0.32,0.5038986354775828,0.342,412,0.72,0.14
327,Utah Valley,21,0.311,0.7626000000000001,1.0736,0.64,72.1,1189,0.484,0.26,0.623,309,496,0.264,0.5302857142857142,0.354,366,0.524,-2.52
328,Utah,23,0.2437,0.6981,0.9418000000000001,0.59,67.4,1281,0.466,0.214,0.792,274,346,0.342,0.527876631079478,0.347,354,0.478,7.1
329,Valparaiso,28,0.20079999999999998,0.7418,0.9426000000000001,0.54,68.3,1576,0.419,0.198,0.727,312,429,0.403,0.5005313496280552,0.298,356,0.35700000000000004,1.71
330,Vanderbilt,23,0.2825,0.7218000000000001,1.0043,0.52,69.9,1304,0.433,0.238,0.721,310,430,0.462,0.5028490028490028,0.352,292,0.348,7.44
331,Vermont,15,0.2664,0.7683,1.0347,0.55,66.4,828,0.463,0.257,0.78,213,273,0.407,0.5437881873727087,0.344,211,0.667,-6.72
332,Villanova,21,0.2813,0.7558,1.0371,0.58,66.4,1236,0.451,0.229,0.773,283,366,0.442,0.5260869565217391,0.355,323,0.762,9.65
333,Virginia Commonwealth,25,0.28550000000000003,0.6906,0.9761,0.53,70.6,1406,0.453,0.258,0.761,363,477,0.35,0.5196936542669585,0.329,338,0.76,5.41
334,VMI,25,0.2341,0.7532,0.9872999999999998,0.56,72.3,1517,0.465,0.21,0.772,319,413,0.469,0.5409429280397022,0.38,393,0.52,-0.1
335,Virginia Tech,20,0.28850000000000003,0.7652,1.0537,0.56,66.2,1123,0.451,0.236,0.703,265,377,0.416,0.5198170731707317,0.353,285,0.75,6.74
336,Virginia,23,0.22579999999999997,0.7781,1.0039,0.55,60.8,1211,0.481,0.178,0.812,216,266,0.413,0.5485232067510548,0.386,318,0.7390000000000001,8.59
337,Wagner,20,0.3479,0.7191,1.067,0.48,66.8,1205,0.442,0.201,0.718,242,337,0.305,0.4970131421744325,0.318,258,0.65,-5.91
338,Wake Forest,21,0.25239999999999996,0.7395999999999999,0.9919999999999999,0.5,67.5,1154,0.411,0.217,0.725,250,345,0.464,0.4701130856219709,0.342,238,0.28600000000000003,9.28
339,Washington State,26,0.3095,0.7362000000000001,1.0457,0.53,68.4,1481,0.411,0.253,0.71,374,527,0.397,0.45576707726763716,0.344,320,0.5379999999999999,4.71
340,Washington,25,0.23149999999999998,0.649,0.8805000000000001,0.44,70.6,1443,0.419,0.187,0.703,270,384,0.392,0.4760820045558087,0.329,265,0.2,9.53
341,Weber State,22,0.21960000000000002,0.7535,0.9731000000000001,0.53,72.5,1242,0.508,0.288,0.785,358,456,0.381,0.5786736020806242,0.393,336,0.773,-6.16
342,West Virginia,26,0.3591,0.6920999999999999,1.0512,0.53,70.6,1594,0.428,0.29,0.718,463,645,0.33,0.46254681647940077,0.359,361,0.6920000000000001,10.55
343,Western Carolina,27,0.2291,0.7547,0.9838,0.5,72.2,1577,0.454,0.242,0.726,381,525,0.42,0.5355191256830601,0.341,359,0.40700000000000003,-1.4
344,Western Illinois,22,0.2909,0.7706000000000001,1.0615,0.41,73.5,1362,0.404,0.256,0.715,349,488,0.365,0.45433526011560693,0.316,225,0.318,-4.78
345,Western Kentucky,24,0.3262,0.765,1.0912,0.51,70.2,1361,0.456,0.281,0.781,382,489,0.32,0.509719222462203,0.343,317,0.75,-0.14
346,Western Michigan,21,0.2359,0.7117,0.9476,0.49,68.3,1153,0.433,0.161,0.639,186,291,0.37,0.4931129476584022,0.33,245,0.23800000000000002,0.14
347,Wichita State,19,0.31679999999999997,0.6751999999999999,0.9919999999999999,0.53,69.0,1145,0.41,0.261,0.691,299,433,0.401,0.45626822157434405,0.34,249,0.789,7.41
348,William & Mary,17,0.2857,0.6823999999999999,0.9681000000000001,0.47,67.2,948,0.409,0.239,0.749,227,303,0.361,0.47854785478547857,0.287,183,0.41200000000000003,-3.04
349,Winthrop,24,0.3549,0.7804000000000001,1.1353,0.54,72.8,1463,0.461,0.245,0.686,358,522,0.393,0.5304054054054054,0.353,361,0.958,-7.5
350,Wisconsin,27,0.2382,0.7544,0.9925999999999999,0.54,65.8,1578,0.421,0.209,0.76,330,434,0.411,0.4682454251883746,0.353,357,0.593,12.31
351,Wofford,24,0.27690000000000003,0.7403,1.0171999999999999,0.54,67.6,1374,0.47,0.179,0.705,246,349,0.504,0.5865102639296188,0.355,351,0.625,0.31
352,Wright State,24,0.3418,0.7497,1.0915000000000001,0.52,72.1,1471,0.483,0.25,0.724,368,508,0.329,0.5379939209726444,0.37,369,0.75,-6.47
353,Wyoming,23,0.23399999999999999,0.7132,0.9472,0.54,70.1,1330,0.443,0.25,0.709,332,468,0.49,0.532448377581121,0.35,317,0.565,-2.56
354,Xavier,20,0.2633,0.7288,0.9921,0.63,70.4,1225,0.458,0.185,0.694,227,327,0.389,0.5447263017356475,0.321,355,0.65,7.7
356,Youngstown State,27,0.3362,0.7151000000000001,1.0513,0.49,69.1,1672,0.429,0.233,0.726,390,537,0.362,0.4981238273921201,0.307,349,0.556,-7.0
