,,Overall,Overall,Overall,Overall,Overall,Overall,,Conf.,Conf.,,Home,Home,,Away,Away,,Points,Points,,School Advanced,School Advanced,School Advanced,School Advanced,School Advanced,School Advanced,School Advanced,School Advanced,School Advanced,School Advanced,School Advanced,School Advanced,School Advanced
Rk,School,G,W,L,W-L%,SRS,SOS,,W,L,,W,L,,W,L,,Tm.,Opp.,,Pace,ORtg,FTr,3PAr,TS%,TRB%,AST%,STL%,BLK%,eFG%,TOV%,ORB%,FT/FGA
1,Abilene Christian,25,21,4,.840,5.18,-8.11,,13,2,,13,0,,5,4,,1924,1518,,72.6,106.0,.359,.375,.548,51.1,65.6,13.5,9.5,.522,16.5,31.1,.239
2,Air Force,24,5,19,.208,-12.26,0.32,,3,17,,3,8,,1,10,,1416,1718,,63.7,92.5,.314,.455,.551,40.5,58.8,11.0,7.4,.524,21.3,15.9,.218
3,Akron,21,14,7,.667,2.88,-1.33,,12,6,,9,1,,5,5,,1650,1512,,70.6,110.7,.309,.473,.562,52.2,49.7,7.4,8.9,.527,14.8,31.1,.234
4,Alabama A&M,15,6,9,.400,-18.99,-15.12,,4,9,,5,2,,1,7,,950,1008,,70.1,88.9,.318,.329,.475,49.8,47.6,7.7,9.1,.448,18.6,28.1,.199
5,Alabama-Birmingham,27,21,6,.778,6.12,-3.92,,13,5,,15,2,,6,4,,1972,1624,,69.3,105.4,.325,.276,.528,51.4,39.3,11.7,11.9,.496,13.3,29.1,.225
6,Alabama State,18,4,14,.222,-24.45,-17.12,,4,14,,3,6,,1,8,,1156,1288,,72.4,88.8,.427,.347,.476,49.1,45.7,8.4,6.1,.435,19.3,29.5,.277
7,Alabama,27,21,6,.778,19.55,10.26,,16,2,,12,1,,7,3,,2149,1898,,75.7,105.2,.302,.470,.544,51.1,51.2,11.5,10.1,.514,16.3,30.7,.216
8,Albany (NY),16,7,9,.438,-3.62,-4.31,,6,6,,4,5,,2,4,,1110,1099,,69.7,99.6,.341,.343,.541,47.9,47.3,8.8,5.1,.505,16.4,22.3,.247
9,Alcorn State,18,6,12,.333,-19.11,-10.33,,6,7,,4,3,,2,9,,1201,1359,,70.9,94.0,.343,.336,.495,48.1,39.3,10.7,5.3,.449,17.5,29.7,.253
10,American,10,4,6,.400,-2.96,1.54,,4,5,,2,2,,2,4,,691,736,,67.5,97.5,.268,.427,.550,48.2,51.6,10.3,11.4,.526,20.1,24.1,.189
11,Appalachian State,28,17,11,.607,-5.08,-4.99,,7,8,,9,4,,4,7,,1986,1806,,66.7,104.1,.343,.431,.525,50.6,49.4,11.8,9.8,.484,14.8,29.9,.253
12,Arizona State,23,10,13,.435,5.57,8.01,,7,10,,7,6,,2,6,,1721,1777,,72.5,102.1,.341,.356,.531,44.5,49.5,9.6,9.3,.493,13.3,21.5,.248
13,Arizona,26,17,9,.654,12.90,6.05,,11,9,,12,4,,5,5,,1961,1783,,68.4,109.2,.418,.314,.548,55.1,60.4,8.5,11.2,.505,14.7,34.0,.304
14,Little Rock,26,11,15,.423,-6.01,-5.05,,7,11,,7,4,,2,8,,1786,1782,,67.9,100.2,.369,.337,.542,52.3,55.5,9.3,9.6,.508,19.2,31.1,.259
15,Arkansas-Pine Bluff,24,4,20,.167,-22.57,-7.57,,3,12,,2,3,,2,17,,1487,1847,,69.7,88.0,.385,.292,.482,46.8,45.0,9.1,10.0,.432,19.9,26.9,.277
16,Arkansas State,24,11,13,.458,-7.66,-5.57,,7,8,,9,3,,1,9,,1741,1667,,69.3,104.1,.344,.289,.538,52.5,55.9,9.4,7.1,.502,16.2,31.9,.248
17,Arkansas,26,21,5,.808,18.54,5.89,,13,4,,16,1,,5,4,,2166,1837,,75.3,110.2,.326,.359,.554,52.8,50.5,10.8,13.5,.518,14.5,31.7,.243
18,Army,20,12,8,.600,5.05,4.94,,7,7,,5,4,,5,3,,1448,1385,,70.2,102.5,.282,.412,.547,49.9,54.7,9.1,4.4,.532,16.3,23.5,.177
19,Auburn,27,13,14,.481,10.49,9.74,,7,11,,8,5,,3,8,,2084,2064,,73.4,104.1,.362,.461,.546,52.0,56.3,8.4,14.8,.512,18.7,34.8,.256
20,Austin Peay,27,14,13,.519,-6.16,-7.72,,10,10,,8,5,,4,6,,2007,1890,,69.0,106.6,.286,.354,.546,52.1,48.7,9.7,5.9,.513,17.8,36.0,.215
21,Ball State,22,10,12,.455,-1.15,-0.47,,8,9,,7,4,,3,8,,1630,1645,,72.1,102.2,.290,.414,.547,49.4,53.2,7.6,6.2,.515,17.5,27.3,.216
22,Baylor,22,21,1,.955,24.92,5.19,,13,1,,11,0,,7,1,,1877,1443,,70.1,121.0,.275,.391,.598,53.4,55.6,13.0,10.3,.581,14.4,37.5,.189
23,Bellarmine,20,13,7,.650,-1.81,-6.09,,10,3,,6,4,,7,2,,1486,1307,,65.1,114.1,.288,.313,.599,51.4,56.2,11.0,8.1,.574,15.2,27.9,.214
24,Belmont,30,26,4,.867,4.05,-8.13,,18,2,,11,1,,10,2,,2439,2074,,71.9,112.7,.282,.430,.588,50.4,61.2,10.7,7.5,.563,14.8,26.1,.208
25,Binghamton,18,4,14,.222,-11.37,-4.48,,4,10,,1,9,,3,5,,1178,1302,,66.2,96.9,.232,.454,.511,50.2,46.3,7.4,8.3,.489,17.8,29.1,.156
26,Boise State,25,18,7,.720,10.18,0.77,,14,6,,11,1,,6,6,,1899,1636,,70.1,107.8,.341,.383,.555,52.6,50.4,9.4,7.9,.519,14.4,27.7,.254
27,Boston College,19,4,15,.211,3.15,9.88,,2,11,,3,5,,0,7,,1376,1504,,72.3,99.6,.290,.466,.530,47.3,46.5,9.8,10.3,.501,16.4,24.4,.204
28,Boston University,18,7,11,.389,1.12,5.67,,6,10,,2,6,,5,5,,1249,1331,,67.7,102.5,.286,.379,.532,51.3,40.8,8.0,7.8,.497,16.0,28.9,.215
29,Bowling Green State,24,14,10,.583,1.63,-1.11,,10,8,,4,7,,10,3,,1896,1812,,72.5,107.8,.290,.390,.523,49.5,45.9,10.1,5.5,.487,12.1,30.8,.215
30,Bradley,28,12,16,.429,0.80,1.65,,6,12,,8,6,,2,9,,1948,1864,,66.4,103.9,.240,.369,.534,52.3,51.9,7.7,11.0,.509,16.0,29.3,.174
31,Brigham Young,25,20,5,.800,14.68,5.18,,10,3,,11,2,,7,2,,1969,1692,,70.5,110.0,.282,.395,.583,55.0,57.9,6.6,7.2,.558,16.7,29.0,.206
32,Brown,0,0,0,,,,,0,0,,0,0,,0,0,,,,,,,,,,,,,,,,,
33,Bryant,20,15,5,.750,1.50,-5.87,,10,4,,10,0,,5,5,,1693,1498,,77.0,109.9,.360,.397,.585,52.0,54.8,9.0,8.5,.550,17.8,30.1,.271
34,Bucknell,11,5,6,.455,-3.50,-3.59,,4,6,,2,3,,3,3,,824,823,,72.9,102.9,.379,.387,.565,48.8,46.8,8.0,7.9,.521,16.3,20.0,.291
35,Buffalo,21,14,7,.667,8.31,-1.34,,12,5,,8,3,,5,3,,1737,1527,,75.3,109.2,.288,.313,.541,55.4,52.9,11.1,9.7,.517,15.3,36.9,.196
36,Butler,23,9,14,.391,6.37,10.67,,8,12,,8,4,,1,9,,1462,1561,,65.6,95.9,.303,.397,.501,49.0,54.0,8.3,5.9,.476,15.4,25.6,.194
37,Cal Poly,22,3,19,.136,-15.81,-2.72,,1,15,,3,8,,0,11,,1339,1560,,68.6,88.2,.297,.371,.487,46.5,56.7,8.9,9.5,.449,18.5,22.4,.212
38,Cal State Bakersfield,25,15,10,.600,-1.11,-3.55,,11,7,,9,2,,6,8,,1755,1607,,65.8,106.2,.278,.272,.524,56.4,53.7,9.7,10.5,.494,16.0,39.5,.199
39,Cal State Fullerton,15,6,9,.400,-6.75,-3.60,,5,9,,5,4,,1,5,,1150,1170,,72.9,104.4,.343,.345,.558,47.2,51.1,9.0,5.1,.521,15.9,24.1,.255
40,Cal State Northridge,21,9,12,.429,-8.88,-2.93,,5,9,,4,7,,4,4,,1523,1624,,70.6,102.1,.309,.377,.530,47.4,53.0,9.1,6.2,.496,14.7,25.1,.222
41,California Baptist,22,13,9,.591,-5.46,-6.18,,6,6,,11,4,,2,5,,1754,1591,,71.1,111.5,.338,.412,.589,53.2,64.1,7.1,6.1,.559,16.5,29.5,.249
42,UC-Davis,16,9,7,.563,-7.50,-6.63,,7,5,,4,3,,4,3,,1182,1162,,71.4,101.1,.387,.311,.542,49.0,43.1,10.7,8.2,.490,17.4,27.4,.303
43,UC-Irvine,24,16,8,.667,2.33,-2.22,,13,4,,10,1,,6,6,,1751,1521,,69.7,103.7,.278,.240,.528,55.7,44.9,11.1,11.1,.494,16.0,33.6,.209
44,UC-Riverside,20,13,7,.650,3.52,-4.03,,10,5,,5,4,,7,3,,1421,1270,,66.8,105.1,.225,.422,.554,52.9,54.3,7.6,6.4,.535,16.1,26.6,.156
45,UC-San Diego,17,7,10,.412,-8.00,-0.07,,4,10,,7,3,,0,7,,1214,1226,,70.2,101.0,.213,.514,.567,43.8,65.8,9.7,5.4,.556,17.4,17.3,.136
46,UC-Santa Barbara,23,19,4,.826,6.11,-3.80,,15,3,,11,0,,8,4,,1744,1428,,67.0,111.9,.321,.340,.578,54.2,61.1,11.1,8.2,.547,14.5,29.9,.238
47,University of California,27,8,19,.296,1.39,7.20,,3,17,,6,8,,1,11,,1763,1889,,66.5,98.2,.347,.404,.527,49.2,53.0,6.7,6.2,.493,17.1,24.5,.240
48,Campbell,27,17,10,.630,-6.13,-6.65,,11,6,,9,3,,6,7,,1917,1840,,65.8,106.4,.339,.369,.586,46.2,55.4,9.2,6.7,.565,16.7,20.7,.230
49,Canisius,13,7,6,.538,-7.48,-6.71,,7,5,,3,1,,4,4,,915,925,,71.5,98.4,.316,.416,.506,48.6,51.4,7.8,8.9,.470,14.7,26.6,.224
50,Central Arkansas,24,5,19,.208,-14.65,-1.78,,4,12,,4,5,,1,14,,1701,1933,,74.0,95.8,.321,.337,.532,51.1,53.1,6.8,6.8,.498,20.8,28.9,.230
51,Central Connecticut State,21,5,16,.238,-13.10,-4.24,,5,13,,3,6,,2,9,,1439,1625,,72.0,95.2,.284,.376,.515,44.7,51.7,9.6,7.1,.485,17.6,23.4,.199
52,Central Florida,21,10,11,.476,6.12,8.64,,8,10,,6,3,,4,8,,1412,1465,,67.8,98.7,.296,.402,.537,48.8,51.3,10.0,9.0,.503,19.1,28.4,.218
53,Central Michigan,23,7,16,.304,-11.18,-3.03,,3,13,,5,7,,2,9,,1766,1835,,74.9,102.5,.369,.326,.530,48.3,39.0,10.9,7.6,.499,15.6,27.7,.248
54,Charleston Southern,21,3,18,.143,-15.99,-5.49,,2,15,,1,9,,2,8,,1375,1550,,70.2,92.8,.302,.428,.509,49.5,45.2,8.7,10.2,.474,20.4,28.2,.216
55,Charlotte,24,9,15,.375,-4.93,-1.97,,5,11,,6,7,,3,8,,1525,1596,,64.4,96.2,.376,.351,.536,49.4,51.9,8.4,8.7,.495,18.6,22.2,.274
56,Chattanooga,26,18,8,.692,-1.00,-2.37,,9,7,,9,3,,9,4,,1888,1801,,68.6,104.8,.282,.399,.547,49.3,47.8,9.9,4.9,.510,14.3,23.9,.221
57,Chicago State,9,0,9,.000,-31.36,1.86,,0,0,,0,0,,0,7,,499,798,,71.2,77.8,.254,.408,.448,38.0,49.4,7.6,3.7,.413,20.1,16.6,.177
58,Cincinnati,20,10,10,.500,4.62,6.67,,8,6,,5,5,,5,5,,1397,1438,,71.5,97.8,.324,.391,.519,51.1,59.6,9.3,9.7,.492,17.7,28.3,.213
59,Citadel,25,13,12,.520,-5.49,-0.87,,5,11,,11,3,,1,8,,2019,1959,,74.9,107.9,.316,.460,.560,50.3,54.9,7.3,10.2,.534,14.4,25.4,.222
60,Clemson,22,16,6,.727,14.10,10.51,,10,6,,11,1,,2,5,,1438,1359,,65.0,99.9,.240,.438,.531,50.2,56.0,9.4,9.3,.500,17.0,26.7,.183
61,Cleveland State,25,18,7,.720,-4.10,-4.58,,16,4,,9,2,,8,5,,1778,1766,,67.4,103.0,.329,.350,.532,49.7,52.9,10.1,7.0,.505,16.4,31.2,.221
62,Coastal Carolina,23,16,7,.696,-1.92,-7.92,,9,5,,12,1,,3,5,,1836,1535,,71.8,110.5,.319,.394,.562,56.7,54.6,11.7,12.7,.531,17.4,37.8,.233
63,Colgate,13,12,1,.923,19.09,1.93,,11,1,,6,1,,6,0,,1105,882,,72.3,116.4,.328,.366,.591,53.0,54.8,9.7,8.8,.563,12.5,26.7,.240
64,College of Charleston,19,9,10,.474,-4.08,-2.26,,6,4,,8,6,,1,3,,1341,1329,,64.7,106.3,.292,.396,.552,49.4,41.8,7.9,8.4,.525,14.0,24.7,.207
65,Colorado State,22,17,5,.773,9.19,-0.81,,14,4,,10,1,,6,4,,1669,1447,,69.9,108.5,.349,.447,.603,52.0,58.4,7.9,7.6,.564,18.4,24.2,.278
66,Colorado,27,20,7,.741,17.47,6.73,,14,6,,11,1,,6,6,,1990,1700,,66.8,110.2,.297,.360,.567,53.1,52.5,8.0,7.8,.523,14.7,29.9,.248
67,Columbia,0,0,0,,,,,0,0,,0,0,,0,0,,,,,,,,,,,,,,,,,
68,Connecticut,20,14,6,.700,16.34,9.19,,11,6,,7,3,,6,3,,1446,1303,,66.4,108.2,.294,.335,.534,53.6,48.7,9.3,15.0,.502,15.2,36.4,.213
69,Coppin State,21,9,12,.429,-11.44,-5.82,,8,4,,5,3,,4,9,,1541,1659,,79.4,92.4,.433,.494,.517,43.7,53.4,10.9,8.0,.488,18.0,18.6,.271
70,Cornell,0,0,0,,,,,0,0,,0,0,,0,0,,,,,,,,,,,,,,,,,
71,Creighton,25,18,7,.720,18.04,8.68,,14,6,,11,3,,7,4,,1961,1727,,70.0,111.0,.279,.445,.578,49.6,56.0,10.2,9.6,.564,13.9,24.2,.182
72,Dartmouth,0,0,0,,,,,0,0,,0,0,,0,0,,,,,,,,,,,,,,,,,
73,Davidson,21,13,8,.619,10.71,4.11,,7,4,,7,4,,4,2,,1518,1336,,63.7,112.8,.262,.491,.581,53.8,57.8,8.0,8.2,.563,14.7,28.4,.180
74,Dayton,23,14,9,.609,7.59,5.07,,9,7,,8,3,,4,6,,1614,1556,,66.4,102.9,.345,.416,.583,50.5,55.7,6.6,5.3,.555,19.5,23.7,.248
75,Delaware State,19,3,16,.158,-23.65,-5.89,,1,11,,3,6,,0,10,,1345,1629,,77.1,91.2,.302,.416,.497,46.5,46.2,8.3,9.4,.460,19.2,26.9,.217
76,Delaware,15,7,8,.467,-4.30,-4.16,,5,4,,6,3,,1,4,,1013,1012,,67.8,99.6,.375,.405,.542,51.6,54.2,6.8,9.6,.505,18.7,26.9,.267
77,Denver,21,2,19,.095,-17.15,-6.55,,1,13,,2,10,,0,9,,1466,1662,,71.4,96.7,.340,.344,.539,46.8,48.4,7.9,7.5,.503,18.6,22.1,.245
78,DePaul,17,4,13,.235,4.14,9.49,,2,13,,2,8,,2,5,,1120,1211,,70.6,92.0,.220,.288,.486,50.5,46.4,9.8,11.7,.463,19.0,31.9,.149
79,Detroit Mercy,22,12,10,.545,-2.30,-4.85,,10,6,,7,5,,5,5,,1683,1627,,68.2,111.5,.253,.446,.582,49.1,52.7,9.9,7.2,.551,14.9,27.0,.203
80,Dixie State,21,8,13,.381,-14.84,-4.26,,4,10,,5,7,,3,6,,1461,1603,,74.0,94.0,.348,.341,.511,47.0,62.5,9.2,5.3,.471,18.3,25.3,.249
81,Drake,29,25,4,.862,9.73,-1.45,,15,3,,14,1,,9,2,,2245,1875,,66.8,114.9,.244,.314,.573,53.8,46.0,10.6,8.4,.552,13.2,31.6,.174
82,Drexel,18,11,7,.611,0.26,-4.25,,4,5,,3,2,,4,5,,1295,1214,,66.3,108.5,.285,.358,.576,53.3,58.4,7.3,6.6,.543,17.0,29.3,.221
83,Duke,22,11,11,.500,12.75,9.84,,9,9,,8,5,,3,6,,1668,1604,,69.6,107.8,.232,.385,.552,51.2,55.8,11.6,11.9,.532,15.9,31.5,.162
84,Duquesne,18,9,9,.500,3.43,3.60,,7,7,,5,2,,2,5,,1205,1208,,68.4,98.0,.316,.370,.504,50.2,55.0,9.8,13.0,.476,16.7,31.0,.206
85,East Carolina,18,8,10,.444,1.57,3.98,,2,10,,7,6,,1,4,,1207,1219,,69.0,96.5,.336,.332,.504,49.1,67.5,8.7,10.4,.462,16.3,27.2,.245
86,East Tennessee State,25,13,12,.520,2.10,0.75,,8,7,,8,4,,3,5,,1736,1654,,67.6,102.2,.299,.406,.537,52.2,47.6,10.8,8.5,.509,17.3,29.7,.208
87,Eastern Illinois,27,9,18,.333,-12.07,-6.55,,6,14,,5,7,,4,11,,1874,2023,,70.2,97.6,.257,.354,.515,48.9,50.9,10.0,8.8,.493,17.4,28.7,.169
88,Eastern Kentucky,29,22,7,.759,-2.05,-7.61,,15,5,,10,2,,9,4,,2372,2137,,76.1,105.6,.255,.400,.544,47.5,52.9,13.3,9.2,.519,14.6,26.7,.180
89,Eastern Michigan,18,6,12,.333,-12.98,0.02,,3,11,,5,4,,1,8,,1267,1362,,71.4,98.6,.303,.382,.514,46.7,44.2,12.5,7.0,.475,15.2,25.1,.226
90,Eastern Washington,20,13,7,.650,2.22,-4.62,,12,3,,7,2,,6,5,,1586,1432,,72.3,109.7,.297,.402,.576,49.9,54.1,6.8,7.3,.540,14.0,23.3,.234
91,Elon,18,10,8,.556,-4.36,-3.83,,4,7,,4,2,,3,6,,1193,1172,,67.1,98.7,.257,.444,.520,51.2,46.9,8.1,6.9,.488,15.7,25.3,.191
92,Evansville,25,9,16,.360,-4.42,0.42,,7,11,,8,4,,1,10,,1619,1740,,62.4,102.3,.254,.490,.556,45.6,51.0,7.7,6.3,.532,15.8,19.0,.182
93,Fairfield,23,7,16,.304,-12.14,-5.70,,7,11,,4,8,,3,8,,1427,1575,,65.9,93.7,.331,.355,.494,50.9,47.9,7.0,5.9,.457,17.4,28.2,.229
94,Fairleigh Dickinson,24,9,15,.375,-8.36,-4.65,,8,10,,4,6,,5,9,,1801,1890,,71.9,103.2,.311,.361,.548,47.8,44.5,10.4,10.4,.518,17.1,28.7,.221
95,Florida A&M,19,8,11,.421,-11.52,-8.68,,7,5,,4,1,,4,10,,1239,1293,,70.5,92.5,.297,.269,.511,50.0,52.2,9.1,6.9,.486,20.9,30.3,.193
96,Florida Atlantic,21,12,9,.571,-2.37,-5.60,,7,5,,7,1,,4,7,,1651,1392,,70.7,110.6,.281,.419,.562,55.8,50.6,10.9,7.9,.545,16.4,34.6,.183
97,Florida Gulf Coast,18,10,8,.556,-9.38,-6.88,,4,4,,7,4,,2,2,,1292,1242,,72.5,99.0,.241,.443,.515,50.9,50.9,10.3,11.2,.494,17.4,29.9,.160
98,Florida International,26,9,17,.346,-10.81,-2.86,,2,15,,7,8,,2,9,,1914,1985,,72.8,99.7,.244,.509,.535,46.0,56.2,11.4,10.0,.515,17.5,26.2,.163
99,Florida State,20,15,5,.750,18.60,9.05,,11,4,,12,1,,3,4,,1592,1401,,70.3,111.8,.325,.362,.573,53.2,52.6,10.8,14.7,.542,16.4,35.0,.239
100,Florida,21,13,8,.619,15.70,10.89,,9,7,,6,3,,5,5,,1566,1465,,71.1,105.0,.340,.333,.566,50.7,44.6,10.7,14.6,.529,18.2,30.7,.256
101,Fordham,14,2,12,.143,-10.44,4.35,,2,11,,2,5,,0,6,,725,932,,64.2,80.6,.275,.411,.448,43.5,59.5,9.7,7.0,.414,18.8,19.2,.184
102,Fresno State,22,11,11,.500,-3.45,0.45,,9,11,,7,5,,4,6,,1444,1469,,66.3,98.4,.372,.385,.517,52.2,44.9,9.8,8.3,.484,18.0,31.5,.249
103,Furman,25,16,9,.640,6.57,-1.12,,10,5,,11,1,,5,7,,1990,1723,,70.9,111.8,.266,.472,.589,51.6,57.0,11.5,9.5,.568,15.6,27.2,.192
104,Gardner-Webb,26,11,15,.423,-3.15,-5.42,,10,10,,7,4,,4,11,,1837,1778,,67.0,105.5,.300,.439,.549,49.5,52.1,8.8,14.7,.524,15.4,26.7,.207
105,George Mason,22,13,9,.591,2.96,1.53,,8,6,,7,3,,3,4,,1569,1538,,69.2,100.2,.293,.362,.511,51.9,49.7,10.2,11.4,.488,15.5,30.2,.188
106,George Washington,17,5,12,.294,-4.58,-0.41,,3,5,,3,6,,1,5,,1158,1229,,68.9,98.1,.361,.339,.533,49.3,47.2,9.1,7.0,.498,17.6,24.5,.252
107,Georgetown,21,9,12,.429,8.92,10.64,,7,9,,7,6,,2,6,,1505,1541,,71.0,100.3,.285,.393,.532,53.0,53.7,8.1,10.6,.497,19.0,32.1,.215
108,Georgia Southern,26,13,13,.500,-9.54,-5.58,,7,9,,9,4,,4,8,,1860,1762,,68.4,101.7,.301,.396,.530,51.9,46.9,11.5,11.3,.510,17.6,32.5,.191
109,Georgia State,22,16,6,.727,-1.01,-3.91,,8,4,,9,1,,5,4,,1767,1599,,71.2,110.4,.307,.359,.556,50.4,56.9,9.8,12.2,.532,13.8,31.3,.210
110,Georgia Tech,23,15,8,.652,14.03,8.42,,11,6,,11,3,,4,5,,1738,1609,,68.1,108.0,.286,.374,.568,47.4,58.3,12.8,9.2,.541,14.5,24.3,.209
111,Georgia,25,14,11,.560,7.19,8.52,,7,11,,12,5,,2,6,,1944,1954,,76.0,101.8,.349,.320,.540,51.0,52.8,11.2,6.3,.510,18.9,33.4,.240
112,Gonzaga,25,25,0,1.000,26.60,3.08,,15,0,,12,0,,7,0,,2307,1719,,75.5,122.2,.362,.318,.633,55.5,53.8,11.2,7.2,.610,14.5,30.7,.264
113,Grambling,22,11,11,.500,-14.64,-13.02,,9,6,,6,4,,5,7,,1482,1507,,72.6,92.9,.423,.286,.513,48.3,60.9,11.4,8.5,.475,18.8,24.5,.283
114,Grand Canyon,21,15,6,.714,2.08,-5.70,,9,3,,10,3,,5,1,,1583,1302,,68.7,109.8,.318,.356,.572,56.4,58.8,7.0,8.7,.550,16.7,31.3,.215
115,Green Bay,25,8,17,.320,-9.01,-4.09,,8,12,,6,6,,2,11,,1790,1913,,67.7,102.7,.273,.339,.526,47.6,53.7,7.9,9.3,.492,13.6,25.7,.204
116,Hampton,25,11,14,.440,-12.99,-8.59,,9,9,,5,7,,6,7,,1721,1831,,70.1,98.2,.286,.388,.527,46.0,47.2,8.7,16.1,.495,16.3,22.1,.207
117,Hartford,22,14,8,.636,-3.32,-5.42,,8,6,,9,1,,5,6,,1451,1405,,66.4,99.3,.278,.430,.536,48.9,47.0,10.4,5.8,.509,17.2,25.1,.196
118,Harvard,0,0,0,,,,,0,0,,0,0,,0,0,,,,,,,,,,,,,,,,,
119,Hawaii,20,11,9,.550,-4.13,-4.40,,9,9,,7,5,,4,4,,1451,1390,,68.5,103.9,.315,.377,.546,52.9,45.8,8.2,3.7,.514,17.2,30.7,.227
120,High Point,24,9,15,.375,-10.05,-6.84,,6,11,,5,5,,4,10,,1600,1677,,67.4,98.3,.383,.292,.499,51.0,51.8,9.7,12.5,.458,15.9,32.0,.263
121,Hofstra,23,13,10,.565,-1.82,-1.99,,8,6,,7,3,,5,6,,1683,1679,,68.9,105.6,.332,.393,.542,50.0,49.2,9.5,7.9,.508,15.2,29.3,.238
122,Holy Cross,16,5,11,.313,-0.12,5.31,,5,11,,2,7,,3,4,,1130,1217,,69.8,100.4,.261,.328,.529,46.9,44.9,9.6,9.7,.503,16.2,26.4,.182
123,Houston Baptist,23,5,18,.217,-16.97,-4.88,,4,11,,4,6,,1,12,,1644,1877,,74.6,95.3,.278,.406,.531,46.8,56.4,9.0,9.8,.499,20.2,25.2,.204
124,Houston,24,21,3,.875,21.82,4.26,,14,3,,15,0,,5,3,,1852,1382,,66.9,115.3,.303,.420,.545,56.2,50.2,12.8,14.5,.512,13.5,39.6,.222
125,Howard,5,1,4,.200,-13.70,-1.95,,0,0,,1,1,,0,0,,363,424,,73.1,99.2,.389,.435,.541,47.2,60.2,7.1,12.8,.502,17.7,22.9,.279
126,Idaho State,23,13,10,.565,-9.21,-6.82,,8,6,,8,3,,5,5,,1574,1410,,66.3,102.1,.387,.399,.553,55.3,49.9,6.8,9.5,.517,19.5,32.2,.273
127,Idaho,21,1,20,.048,-19.92,-4.01,,1,17,,1,9,,0,11,,1279,1613,,67.3,89.4,.297,.316,.517,46.4,54.7,7.3,5.6,.482,21.7,22.2,.217
128,Illinois-Chicago,22,9,13,.409,-10.99,-6.35,,6,10,,7,4,,2,9,,1489,1591,,69.6,96.1,.228,.418,.516,48.4,53.2,5.2,7.0,.497,16.8,23.4,.150
129,Illinois State,25,7,18,.280,-4.99,0.84,,4,14,,3,8,,3,9,,1799,1870,,70.7,100.3,.252,.383,.544,49.5,50.8,8.4,9.3,.526,17.3,23.8,.167
130,Illinois,26,20,6,.769,24.28,12.09,,16,4,,11,2,,9,3,,2098,1781,,71.5,111.8,.387,.311,.585,57.0,55.4,7.8,6.9,.559,16.3,32.7,.265
131,Incarnate Word,21,8,13,.381,-15.45,-8.12,,5,9,,5,7,,3,6,,1427,1498,,68.1,99.2,.337,.382,.549,46.9,52.1,7.9,4.8,.518,18.5,23.6,.238
132,Indiana State,25,15,10,.600,2.49,2.37,,11,7,,9,3,,5,6,,1662,1645,,66.8,99.6,.359,.334,.530,48.9,46.0,9.8,8.7,.489,16.2,25.0,.264
133,Indiana,26,12,14,.462,14.54,13.77,,7,12,,6,6,,3,7,,1832,1812,,67.3,101.3,.420,.325,.525,49.1,57.2,8.2,10.5,.489,15.2,25.3,.282
134,Iona,13,8,5,.615,-2.00,-7.00,,6,3,,4,2,,4,3,,971,906,,71.3,104.7,.350,.398,.562,53.0,58.3,9.9,13.3,.525,19.5,32.9,.260
135,Iowa State,23,2,21,.087,-0.62,10.73,,0,18,,2,10,,0,11,,1501,1762,,70.4,92.7,.203,.386,.510,45.2,47.1,9.1,8.2,.481,19.1,24.0,.158
136,Iowa,27,20,7,.741,23.85,10.92,,14,6,,14,2,,6,4,,2296,1947,,71.0,119.2,.330,.403,.580,52.2,63.9,7.8,11.4,.554,11.5,31.3,.234
137,Purdue-Fort Wayne,23,8,15,.348,-11.02,-7.50,,6,14,,5,6,,3,9,,1728,1809,,69.4,104.2,.302,.405,.600,49.3,52.0,9.4,7.5,.582,21.4,26.2,.208
138,IUPUI,18,8,10,.444,-10.58,-5.97,,7,9,,4,5,,4,5,,1281,1364,,72.7,97.9,.305,.389,.523,48.6,52.9,9.5,5.9,.490,17.0,25.4,.219
139,Jackson State,16,11,5,.688,-11.34,-13.90,,11,0,,6,0,,5,5,,1026,985,,70.7,90.0,.412,.296,.483,51.5,48.8,11.4,8.2,.439,19.2,29.2,.278
140,Jacksonville State,27,18,9,.667,-2.50,-5.54,,13,6,,8,3,,7,5,,2005,1851,,68.0,107.7,.316,.393,.556,53.4,53.0,7.3,9.8,.531,16.6,32.3,.217
141,Jacksonville,24,11,13,.458,-10.86,-6.45,,5,9,,7,5,,4,8,,1622,1668,,69.5,96.7,.340,.398,.529,48.0,46.6,9.8,7.4,.502,18.3,24.8,.226
142,James Madison,20,13,7,.650,0.62,-2.44,,8,2,,10,3,,3,3,,1562,1409,,72.4,107.9,.386,.405,.549,50.2,50.8,10.3,6.4,.521,14.6,29.4,.258
143,Kansas State,27,8,19,.296,-0.41,9.09,,4,14,,6,12,,2,7,,1653,1913,,66.5,92.0,.287,.412,.497,49.9,58.3,7.9,5.0,.469,19.4,29.3,.190
144,Kansas,27,19,8,.704,16.66,10.35,,12,6,,13,1,,4,6,,1978,1779,,69.6,104.8,.309,.362,.532,52.7,52.0,9.6,11.4,.501,15.2,31.9,.219
145,Kennesaw State,24,5,19,.208,-13.75,-3.27,,1,13,,4,9,,0,9,,1571,1672,,69.7,93.9,.296,.387,.507,50.0,45.5,8.2,6.7,.481,18.0,25.5,.195
146,Kent State,22,15,7,.682,3.87,-0.99,,12,6,,9,2,,6,5,,1701,1550,,70.9,108.4,.273,.394,.546,54.0,51.9,9.5,9.5,.510,16.0,35.4,.212
147,Kentucky,24,9,15,.375,12.81,12.47,,8,9,,5,6,,4,7,,1688,1680,,70.1,99.3,.348,.318,.513,51.7,49.9,8.9,15.3,.470,17.3,33.1,.255
148,La Salle,25,9,16,.360,-2.20,4.21,,6,11,,6,3,,3,11,,1702,1838,,69.7,97.2,.242,.394,.525,48.5,50.2,10.6,9.4,.503,18.2,26.8,.166
149,Lafayette,15,9,6,.600,-1.78,-2.78,,9,5,,6,3,,3,3,,1165,1150,,70.2,107.1,.303,.386,.549,47.3,60.0,8.6,7.9,.506,13.3,23.7,.244
150,Lamar,25,8,17,.320,-13.53,-6.65,,7,10,,5,5,,3,11,,1640,1812,,69.9,92.9,.320,.278,.492,49.1,51.4,10.3,10.8,.450,17.5,27.4,.235
151,Lehigh,15,4,11,.267,-9.03,-0.76,,4,10,,1,5,,3,6,,1025,1149,,71.3,95.0,.279,.256,.502,49.4,49.2,8.3,5.6,.471,16.1,24.9,.195
152,Liberty,28,23,5,.821,4.62,-6.38,,11,2,,13,0,,5,3,,2097,1670,,64.5,116.0,.238,.478,.609,53.0,58.6,7.1,6.7,.585,13.6,23.8,.185
153,Lipscomb,27,15,12,.556,-6.77,-5.33,,9,6,,10,4,,4,7,,1922,1848,,68.4,103.7,.337,.381,.555,49.6,53.0,9.0,5.8,.527,15.8,23.6,.233
154,Cal State Long Beach,16,5,11,.313,-11.51,-4.26,,4,8,,4,3,,1,8,,1156,1272,,73.7,95.1,.400,.341,.531,46.2,45.8,8.1,7.8,.497,19.2,22.0,.271
155,Long Island University,18,9,9,.500,-5.72,-6.77,,9,9,,6,3,,3,6,,1332,1313,,74.5,99.3,.312,.404,.502,51.1,61.2,11.3,9.7,.473,16.3,32.9,.208
156,Longwood,28,12,16,.429,-7.19,-6.12,,10,10,,8,5,,4,11,,1854,1886,,66.2,100.0,.315,.379,.528,50.1,44.6,9.3,6.1,.499,17.3,28.1,.216
157,Louisiana,26,17,9,.654,-4.55,-5.21,,10,7,,10,3,,6,4,,1934,1892,,72.1,102.2,.288,.331,.529,53.5,46.6,7.7,11.0,.501,17.5,33.6,.201
158,Louisiana-Monroe,26,7,19,.269,-10.36,-5.67,,5,13,,5,8,,2,10,,1670,1792,,67.7,94.5,.251,.390,.510,44.9,58.3,10.9,8.1,.482,17.1,22.7,.176
159,Louisiana State,24,16,8,.667,15.50,8.25,,11,6,,11,2,,4,6,,1984,1810,,73.2,112.3,.357,.378,.570,50.6,43.0,11.0,7.9,.534,14.4,31.1,.266
160,Louisiana Tech,26,20,6,.769,6.95,-1.69,,12,4,,15,1,,5,5,,1936,1687,,71.2,104.5,.347,.375,.541,52.6,46.9,9.5,7.1,.512,15.7,28.1,.236
161,Louisville,19,13,6,.684,11.95,9.69,,8,5,,9,2,,4,4,,1303,1260,,66.1,103.1,.326,.297,.521,53.7,45.1,7.3,5.7,.484,15.0,32.1,.233
162,Loyola (IL),28,24,4,.857,14.82,0.13,,16,2,,13,0,,8,3,,2002,1555,,63.9,111.0,.315,.375,.598,54.1,60.1,10.8,7.0,.574,16.6,25.3,.227
163,Loyola Marymount,22,13,9,.591,4.57,3.07,,7,5,,8,3,,4,5,,1529,1496,,67.8,101.9,.413,.349,.557,56.3,53.3,6.9,7.7,.517,20.4,32.0,.300
164,Loyola (MD),15,5,10,.333,0.48,-1.45,,4,10,,3,4,,2,6,,1087,1058,,68.7,100.4,.371,.293,.526,52.2,48.0,10.3,9.5,.506,17.4,31.1,.226
165,Maine,9,2,7,.222,-14.75,-3.31,,2,6,,1,1,,1,6,,478,581,,65.4,81.2,.272,.449,.468,46.8,62.8,8.7,13.5,.451,22.4,23.3,.155
166,Manhattan,19,7,12,.368,-11.33,-7.33,,6,12,,4,6,,3,6,,1210,1286,,68.0,91.3,.358,.380,.472,49.4,54.0,10.9,10.4,.432,17.8,31.3,.240
167,Marist,20,12,8,.600,-7.77,-7.82,,10,8,,6,3,,6,5,,1270,1269,,66.7,94.0,.313,.412,.525,50.4,48.8,8.2,12.3,.496,19.4,22.3,.215
168,Marquette,26,13,13,.500,10.05,9.39,,8,11,,7,7,,6,6,,1834,1817,,68.3,102.7,.362,.372,.549,52.2,50.9,7.4,9.9,.510,18.2,29.6,.266
169,Marshall,21,15,6,.714,6.75,-1.16,,9,5,,9,3,,6,3,,1690,1524,,73.3,109.2,.251,.405,.574,48.7,53.5,10.6,13.1,.551,14.6,23.7,.183
170,Maryland-Baltimore County,20,14,6,.700,-0.24,-4.89,,10,4,,5,4,,9,2,,1391,1298,,68.7,101.2,.366,.371,.539,51.8,45.3,7.4,5.1,.503,16.7,25.8,.260
171,Maryland-Eastern Shore,0,0,0,,,,,0,0,,0,0,,0,0,,,,,,,,,,,,,,,,,
172,Maryland,27,15,12,.556,15.47,12.74,,9,11,,11,6,,4,6,,1861,1748,,66.2,104.2,.338,.433,.563,50.0,55.1,7.6,10.6,.535,15.5,20.3,.237
173,Massachusetts-Lowell,22,11,11,.500,-4.72,-2.81,,7,8,,3,4,,6,5,,1525,1567,,69.3,100.1,.383,.338,.547,51.2,48.3,7.3,10.6,.520,18.7,27.1,.253
174,Massachusetts,15,8,7,.533,6.01,2.28,,6,4,,4,3,,3,3,,1151,1095,,72.3,103.5,.342,.440,.538,48.2,56.9,9.9,9.9,.500,14.5,24.3,.251
175,McNeese State,23,10,13,.435,-18.02,-10.90,,4,11,,7,5,,3,8,,1859,1651,,73.4,110.1,.284,.358,.584,53.5,61.7,9.9,5.2,.565,17.6,31.2,.195
176,Memphis,22,15,7,.682,12.63,2.85,,11,4,,10,1,,4,3,,1586,1371,,72.8,99.1,.335,.358,.524,54.9,61.7,12.3,14.8,.504,19.2,33.8,.207
177,Mercer,29,18,11,.621,1.87,-1.02,,8,9,,9,4,,6,6,,2225,2082,,70.1,107.6,.249,.387,.572,52.0,57.6,9.7,7.9,.551,16.1,26.2,.179
178,Merrimack,18,9,9,.500,-7.02,-6.63,,9,9,,6,3,,3,6,,1193,1200,,68.0,96.8,.310,.412,.538,45.3,49.8,11.7,10.1,.514,18.1,20.8,.206
179,Miami (FL),24,8,16,.333,3.35,8.64,,4,15,,7,8,,1,8,,1582,1709,,68.2,96.1,.325,.338,.503,50.2,47.2,9.7,11.1,.468,16.2,27.3,.225
180,Miami (OH),22,12,10,.545,-1.44,-2.01,,9,8,,7,4,,5,6,,1600,1573,,67.5,107.2,.261,.399,.545,49.9,46.8,6.6,7.4,.511,14.0,28.1,.201
181,Michigan State,26,15,11,.577,11.59,12.74,,9,11,,12,3,,3,8,,1807,1837,,69.1,100.6,.313,.343,.517,52.3,64.7,6.5,12.4,.480,16.0,30.6,.228
182,Michigan,22,19,3,.864,23.65,12.33,,14,3,,13,1,,6,2,,1684,1435,,68.1,111.8,.292,.338,.584,54.7,54.5,6.4,10.6,.553,15.1,29.4,.224
183,Middle Tennessee,22,5,17,.227,-10.34,-0.82,,3,13,,5,6,,0,9,,1370,1551,,70.2,88.7,.250,.397,.480,48.3,44.2,10.3,6.1,.452,18.9,26.0,.170
184,Milwaukee,22,10,12,.455,-6.67,-5.94,,7,10,,4,5,,6,6,,1662,1678,,71.1,103.9,.332,.359,.533,48.1,48.5,8.4,6.0,.495,13.5,24.1,.243
185,Minnesota,27,13,14,.481,12.06,12.83,,6,14,,13,4,,0,10,,1977,1998,,70.5,102.4,.371,.406,.504,47.7,56.8,8.8,11.2,.453,13.1,29.2,.280
186,Mississippi State,27,14,13,.519,9.96,6.21,,8,10,,9,6,,5,4,,1875,1774,,67.1,101.7,.337,.270,.526,54.8,50.2,9.5,13.6,.503,18.4,35.7,.216
187,Mississippi Valley State,23,2,21,.087,-38.51,-7.82,,2,13,,1,5,,1,16,,1300,2006,,73.8,76.6,.243,.485,.454,40.5,55.9,6.1,6.9,.437,22.5,17.4,.138
188,Mississippi,25,15,10,.600,11.97,6.37,,10,8,,10,4,,5,6,,1717,1577,,67.3,101.5,.346,.310,.523,53.3,49.5,11.7,11.6,.488,17.5,34.3,.240
189,Missouri-Kansas City,24,11,13,.458,-5.28,-3.03,,7,7,,8,3,,2,8,,1683,1502,,66.5,105.5,.293,.315,.572,50.3,55.3,11.9,7.1,.555,16.9,24.3,.193
190,Missouri State,24,17,7,.708,5.50,0.32,,12,6,,9,4,,7,2,,1762,1594,,68.7,106.9,.312,.387,.576,53.6,51.0,6.8,7.5,.546,16.6,24.8,.231
191,Missouri,23,15,8,.652,13.21,11.21,,8,8,,8,4,,6,4,,1704,1658,,70.2,104.3,.376,.378,.545,50.2,51.2,9.2,9.0,.511,16.2,28.9,.262
192,Monmouth,19,12,7,.632,-3.66,-6.50,,12,6,,7,2,,5,5,,1461,1407,,74.7,101.0,.383,.347,.530,49.1,54.1,10.6,9.9,.491,15.9,26.2,.270
193,Montana State,20,11,9,.550,-7.54,-6.32,,8,6,,5,3,,6,6,,1497,1450,,70.1,105.5,.390,.343,.560,50.4,45.8,8.0,6.1,.518,15.8,25.7,.292
194,Montana,25,13,12,.520,-3.84,-2.34,,7,9,,8,4,,5,8,,1782,1659,,67.7,103.7,.373,.271,.561,50.8,51.9,6.6,7.0,.513,17.3,25.2,.295
195,Morehead State,30,23,7,.767,-0.26,-4.37,,17,3,,12,1,,8,5,,2065,1902,,67.2,101.6,.359,.351,.551,54.8,51.8,6.5,14.7,.522,19.7,31.7,.245
196,Morgan State,19,12,7,.632,-6.38,-11.00,,7,5,,5,5,,7,2,,1533,1399,,75.8,106.4,.343,.386,.546,52.0,55.5,10.3,11.2,.507,17.2,34.6,.254
197,Mount St. Mary's,21,11,10,.524,-3.83,-5.07,,9,7,,6,3,,5,6,,1329,1303,,63.6,98.3,.285,.367,.516,53.7,51.3,7.1,10.2,.489,17.9,31.8,.192
198,Murray State,26,13,13,.500,-2.30,-7.63,,10,10,,9,4,,4,8,,1986,1739,,69.4,109.6,.254,.378,.582,53.0,57.5,9.7,10.4,.567,16.9,28.3,.171
199,Navy,18,15,3,.833,4.00,-0.50,,12,1,,8,2,,6,1,,1287,1206,,67.2,104.9,.330,.326,.534,52.6,47.6,12.0,7.4,.500,15.6,32.3,.234
200,Omaha,25,5,20,.200,-13.13,-2.49,,3,11,,1,5,,3,12,,1683,1949,,72.2,93.3,.292,.266,.495,47.5,37.8,7.8,7.8,.463,16.1,23.0,.201
201,Nebraska,26,7,19,.269,7.23,13.43,,3,16,,6,9,,1,10,,1823,1932,,73.0,95.5,.316,.422,.513,48.0,54.9,9.7,9.5,.490,17.2,23.6,.201
202,Nevada-Las Vegas,25,11,14,.440,-1.68,1.32,,8,10,,8,4,,3,7,,1742,1696,,66.7,104.4,.212,.407,.537,52.6,49.8,9.5,9.1,.516,16.0,30.2,.149
203,Nevada,24,15,9,.625,4.67,1.11,,8,7,,10,2,,2,7,,1757,1653,,69.9,104.7,.376,.397,.560,50.7,58.2,7.9,9.7,.518,16.2,23.8,.284
204,New Hampshire,19,10,9,.526,-7.15,-5.65,,9,6,,5,6,,5,3,,1278,1266,,67.7,98.7,.319,.360,.494,51.5,47.1,8.0,8.4,.460,13.9,28.0,.218
205,New Mexico State,17,10,7,.588,-2.77,-6.49,,7,6,,4,2,,5,5,,1211,1086,,66.4,107.2,.311,.474,.530,55.2,52.0,7.8,6.9,.495,15.3,35.7,.225
206,New Mexico,21,6,15,.286,-12.45,-1.66,,1,8,,0,0,,3,8,,1359,1493,,68.7,93.1,.318,.284,.473,52.6,50.9,8.1,12.2,.450,17.8,34.9,.189
207,New Orleans,23,9,14,.391,-10.88,-8.97,,8,7,,6,3,,2,10,,1740,1765,,74.4,100.6,.304,.283,.550,49.9,55.9,9.8,7.0,.518,19.6,29.9,.223
208,Niagara,18,8,10,.444,-6.74,-6.18,,7,9,,5,3,,3,7,,1162,1172,,65.6,98.5,.329,.369,.507,46.7,52.3,8.6,5.9,.471,13.5,22.6,.232
209,Nicholls State,23,17,6,.739,-4.61,-9.43,,14,2,,8,1,,7,5,,1827,1676,,74.4,105.6,.272,.373,.544,50.5,45.7,12.2,8.6,.523,15.2,28.9,.183
210,NJIT,19,7,12,.368,-8.89,-4.84,,6,10,,3,5,,4,6,,1256,1333,,68.1,95.8,.342,.358,.497,45.7,41.1,9.7,6.2,.459,14.4,24.0,.236
211,Norfolk State,21,14,7,.667,-6.57,-9.67,,8,4,,7,4,,6,3,,1572,1470,,72.2,103.1,.385,.352,.536,50.6,45.9,8.6,10.5,.500,15.8,28.4,.269
212,North Alabama,24,13,11,.542,-9.67,-5.92,,7,8,,8,4,,3,6,,1756,1666,,71.3,101.6,.291,.391,.529,52.7,43.6,8.2,9.7,.494,16.7,29.3,.217
213,North Carolina-Asheville,20,10,10,.500,-6.28,-6.88,,9,5,,6,4,,4,6,,1468,1456,,69.9,103.1,.302,.391,.558,47.2,46.4,9.8,10.6,.546,18.7,26.8,.183
214,North Carolina A&T,21,11,10,.524,-13.51,-7.30,,7,1,,5,4,,5,6,,1517,1523,,74.3,96.6,.368,.337,.507,46.4,53.2,11.7,7.2,.475,16.4,27.8,.242
215,North Carolina Central,13,5,8,.385,-13.49,-8.07,,3,5,,4,2,,0,6,,884,916,,69.8,96.5,.323,.354,.524,46.9,51.0,10.8,7.3,.491,18.5,24.9,.227
216,North Carolina-Greensboro,29,21,8,.724,3.94,-2.24,,13,5,,7,3,,10,3,,2135,1956,,70.5,103.9,.238,.389,.506,52.0,44.3,10.6,12.3,.482,13.1,31.9,.163
217,North Carolina State,22,13,9,.591,11.12,7.08,,9,8,,7,4,,5,5,,1616,1527,,68.7,106.3,.317,.325,.559,48.7,48.4,12.2,12.7,.532,16.4,29.4,.221
218,North Carolina-Wilmington,17,7,10,.412,-6.13,-5.76,,1,6,,3,4,,3,4,,1297,1253,,70.7,107.2,.368,.367,.546,47.5,46.6,8.5,8.6,.500,13.8,27.0,.282
219,North Carolina,25,16,9,.640,15.04,9.88,,10,6,,10,1,,3,7,,1871,1742,,72.0,104.0,.350,.279,.516,57.1,57.3,9.9,11.9,.485,17.3,40.5,.235
220,North Dakota State,26,15,11,.577,-0.93,-3.20,,11,5,,6,2,,5,7,,1811,1752,,66.4,104.4,.338,.367,.547,55.0,42.4,5.8,7.2,.506,16.5,28.7,.256
221,North Dakota,26,9,17,.346,-10.80,-3.80,,8,8,,5,3,,3,11,,1787,1969,,69.0,98.2,.346,.388,.528,47.6,49.1,7.4,5.3,.494,16.7,23.4,.241
222,North Florida,23,8,15,.348,-11.03,-4.18,,6,6,,5,3,,3,10,,1601,1725,,68.6,101.5,.254,.488,.557,46.9,51.9,6.5,7.7,.534,19.3,26.7,.181
223,North Texas,22,13,9,.591,7.36,-0.02,,9,5,,8,3,,5,6,,1563,1376,,66.8,106.4,.281,.377,.579,52.4,51.6,10.3,8.2,.554,18.2,28.0,.205
224,Northeastern,19,10,9,.526,-0.29,0.81,,8,2,,5,1,,4,7,,1277,1298,,68.4,97.6,.260,.439,.544,48.0,51.2,9.1,5.8,.515,18.0,20.2,.193
225,Northern Arizona,20,5,15,.250,-15.21,-2.46,,4,10,,1,7,,4,7,,1253,1508,,64.9,95.9,.304,.332,.501,45.7,46.7,8.3,4.8,.470,15.6,24.3,.207
226,Northern Colorado,20,10,10,.500,-8.04,-5.34,,6,8,,6,5,,4,5,,1378,1345,,69.1,99.1,.312,.433,.546,51.7,44.1,6.5,5.6,.524,18.1,23.5,.205
227,Northern Illinois,19,3,16,.158,-16.73,-1.63,,2,12,,2,7,,1,9,,1184,1471,,67.4,91.9,.239,.281,.465,49.3,44.7,8.5,10.1,.444,17.0,32.6,.147
228,Northern Iowa,25,10,15,.400,-1.45,2.73,,7,11,,6,5,,3,7,,1738,1779,,68.9,99.9,.259,.392,.530,51.6,50.9,9.3,7.7,.507,16.6,25.8,.177
229,Northern Kentucky,25,14,11,.560,-5.64,-5.76,,11,7,,9,4,,5,6,,1784,1781,,66.2,106.2,.278,.396,.534,50.8,44.8,9.6,4.6,.506,15.7,34.9,.196
230,Northwestern State,27,10,17,.370,-13.39,-4.54,,9,7,,6,4,,4,12,,1948,2145,,73.1,97.7,.283,.342,.516,47.1,48.2,9.1,7.5,.491,17.3,26.7,.190
231,Northwestern,23,9,14,.391,11.31,13.22,,6,13,,7,6,,2,8,,1640,1630,,69.3,101.7,.273,.408,.540,48.4,58.2,8.6,8.1,.511,15.1,21.7,.199
232,Notre Dame,24,10,14,.417,10.45,10.62,,7,11,,6,5,,4,8,,1751,1755,,67.3,108.4,.262,.434,.573,48.3,57.8,6.3,9.4,.543,14.1,21.3,.201
233,Oakland,29,12,17,.414,-7.88,-1.50,,10,10,,5,4,,6,11,,2171,2356,,70.5,102.7,.334,.412,.522,47.4,57.2,11.4,5.1,.488,15.3,30.2,.234
234,Ohio State,26,18,8,.692,19.96,13.04,,12,8,,10,4,,7,4,,1998,1818,,67.5,113.8,.377,.398,.574,52.2,48.5,6.8,9.3,.532,13.5,29.4,.290
235,Ohio,20,13,7,.650,3.93,-1.91,,9,5,,8,3,,4,4,,1604,1473,,72.0,111.4,.292,.394,.576,50.7,61.1,9.4,6.6,.554,14.7,27.9,.205
236,Oklahoma State,25,18,7,.720,13.62,9.22,,11,7,,10,3,,8,4,,1917,1807,,72.5,103.2,.366,.322,.554,52.3,47.7,9.9,10.7,.521,18.8,31.8,.260
237,Oklahoma,23,14,9,.609,14.34,8.30,,9,8,,10,3,,4,6,,1728,1589,,69.1,106.9,.291,.393,.537,49.8,49.6,10.5,8.9,.504,13.2,27.6,.216
238,Old Dominion,22,15,7,.682,-0.83,-0.88,,11,5,,9,1,,6,6,,1516,1495,,68.6,99.9,.322,.303,.524,51.6,48.7,11.0,11.4,.493,16.2,28.1,.222
239,Oral Roberts,25,15,10,.600,-0.68,-2.45,,10,5,,8,3,,5,7,,2051,1898,,73.7,111.2,.273,.466,.584,47.5,44.5,8.8,9.5,.547,14.2,24.0,.225
240,Oregon State,26,14,12,.538,6.25,7.09,,10,10,,10,6,,4,6,,1821,1770,,66.3,105.1,.333,.345,.533,50.3,60.1,9.2,10.4,.491,14.6,30.0,.253
241,Oregon,24,19,5,.792,14.01,6.76,,14,4,,11,2,,7,2,,1779,1605,,67.8,109.3,.266,.380,.565,51.1,48.5,10.9,10.6,.541,15.0,29.0,.189
242,Pacific,18,9,9,.500,1.66,4.25,,6,7,,6,2,,3,6,,1256,1272,,69.1,99.0,.276,.285,.508,51.7,48.6,9.1,10.3,.481,14.8,28.9,.188
243,Penn State,23,10,13,.435,14.94,15.54,,7,12,,7,5,,3,8,,1670,1684,,69.8,103.0,.272,.420,.512,51.1,51.5,11.3,6.7,.479,13.8,31.5,.199
244,Pennsylvania,0,0,0,,,,,0,0,,0,0,,0,0,,,,,,,,,,,,,,,,,
245,Pepperdine,24,12,12,.500,3.78,5.23,,7,6,,7,5,,3,5,,1830,1790,,72.3,103.4,.326,.366,.556,49.1,58.6,8.5,7.7,.515,16.2,23.6,.254
246,Pittsburgh,21,10,11,.476,9.42,8.04,,6,10,,7,6,,3,5,,1493,1464,,68.5,103.8,.376,.329,.518,53.8,59.4,9.0,10.7,.484,15.4,34.6,.253
247,Portland State,21,9,12,.429,-6.56,-5.44,,6,8,,7,6,,2,6,,1446,1386,,70.4,97.2,.321,.381,.490,52.3,46.8,11.6,9.1,.458,16.3,32.5,.214
248,Portland,21,6,15,.286,-13.93,3.74,,0,11,,5,8,,1,6,,1459,1748,,73.0,94.6,.359,.380,.525,42.4,51.2,8.6,7.9,.476,17.4,18.7,.278
249,Prairie View,18,14,4,.778,-7.41,-14.52,,13,0,,8,0,,5,3,,1270,1142,,70.6,100.0,.268,.361,.529,49.3,62.7,14.3,12.9,.508,17.6,30.3,.179
250,Presbyterian,22,7,15,.318,-13.28,-8.32,,5,12,,5,6,,2,9,,1411,1476,,66.8,95.5,.347,.349,.505,51.2,47.1,10.4,6.9,.470,19.3,32.3,.238
251,Princeton,0,0,0,,,,,0,0,,0,0,,0,0,,,,,,,,,,,,,,,,,
252,Providence,25,13,12,.520,10.65,10.21,,9,10,,8,3,,4,7,,1754,1743,,67.1,102.6,.308,.331,.520,49.8,53.4,8.2,7.9,.486,14.7,29.2,.219
253,Purdue,26,18,8,.692,17.83,12.49,,13,6,,11,1,,5,6,,1842,1703,,66.9,105.9,.317,.373,.546,54.8,55.9,7.8,10.8,.514,16.4,32.2,.229
254,Quinnipiac,21,9,12,.429,-7.36,-6.93,,7,10,,8,5,,1,5,,1437,1446,,72.1,93.3,.354,.413,.512,48.0,54.6,7.7,11.7,.475,17.7,21.2,.247
255,Radford,27,15,12,.556,-5.53,-5.93,,12,6,,9,5,,6,6,,1826,1745,,64.7,102.6,.396,.358,.546,55.9,46.7,9.2,5.3,.513,19.4,34.5,.270
256,Rhode Island,25,10,15,.400,6.22,5.86,,7,10,,6,3,,2,9,,1786,1777,,70.4,99.6,.389,.319,.525,52.3,47.7,9.1,12.2,.492,17.2,29.7,.260
257,Rice,25,13,12,.520,-4.30,-1.76,,6,10,,9,3,,3,9,,1875,1869,,73.1,102.6,.267,.486,.551,51.8,57.8,7.5,5.2,.524,18.2,28.0,.194
258,Richmond,21,13,8,.619,9.67,5.67,,6,5,,6,4,,5,3,,1574,1453,,70.1,106.9,.303,.364,.567,46.4,53.0,12.6,5.8,.538,13.8,19.8,.221
259,Rider,22,6,16,.273,-11.03,-4.94,,5,13,,1,8,,4,8,,1493,1627,,69.0,97.8,.287,.314,.516,49.6,50.4,7.2,6.1,.481,16.1,26.3,.211
260,Robert Morris,19,4,15,.211,-11.96,-4.30,,3,12,,3,6,,1,9,,1374,1494,,68.5,101.6,.256,.337,.524,47.5,57.7,9.2,8.1,.504,16.2,29.5,.168
261,Rutgers,24,14,10,.583,15.52,13.19,,10,10,,10,4,,4,6,,1690,1634,,68.6,102.2,.277,.329,.522,49.6,51.9,11.5,14.5,.505,14.3,27.7,.173
262,Sacramento State,19,8,11,.421,-8.27,-4.33,,5,9,,5,3,,3,8,,1360,1352,,66.1,106.2,.321,.321,.538,49.5,49.5,10.4,6.4,.511,13.6,27.8,.219
263,Sacred Heart,18,9,9,.500,-10.22,-5.49,,9,7,,4,3,,5,6,,1265,1350,,68.0,101.3,.336,.415,.522,48.9,55.9,7.0,5.1,.480,16.1,29.5,.249
264,Saint Francis (PA),22,6,16,.273,-8.40,-3.90,,5,13,,4,6,,2,10,,1515,1614,,69.7,97.7,.336,.329,.516,49.8,52.1,8.2,5.9,.478,17.5,28.8,.240
265,Saint Joseph's,20,5,15,.250,-3.42,7.03,,3,9,,3,3,,1,9,,1443,1652,,73.0,95.8,.267,.492,.517,44.9,56.7,8.0,4.5,.486,16.8,21.5,.194
266,Saint Louis,20,14,6,.700,13.10,2.75,,6,4,,12,1,,1,4,,1507,1300,,68.5,110.1,.305,.309,.546,56.8,63.1,10.3,9.7,.518,14.9,36.1,.214
267,Saint Mary's (CA),23,14,9,.609,7.66,5.88,,4,6,,9,3,,2,3,,1475,1434,,66.0,97.2,.277,.377,.510,52.0,44.8,9.4,8.0,.476,15.2,26.0,.202
268,Saint Peter's,23,13,10,.565,-4.23,-5.66,,10,8,,8,3,,4,7,,1458,1425,,68.9,92.0,.336,.345,.488,50.8,52.6,12.1,16.2,.449,18.8,30.2,.234
269,Sam Houston State,27,19,8,.704,-2.77,-4.47,,13,3,,12,1,,7,6,,2160,1899,,75.1,106.6,.321,.408,.552,49.4,54.6,11.4,8.7,.525,16.5,30.1,.222
270,Samford,19,6,13,.316,-8.40,-1.11,,2,9,,4,5,,2,7,,1460,1510,,75.0,100.4,.272,.397,.531,52.4,52.3,8.9,8.1,.506,18.3,30.4,.186
271,San Diego State,24,20,4,.833,15.11,1.98,,14,3,,13,2,,6,2,,1786,1442,,67.4,109.9,.340,.406,.562,53.5,54.8,12.2,10.0,.531,15.0,29.7,.245
272,San Diego,14,3,11,.214,-6.49,4.37,,2,7,,0,5,,3,5,,927,1079,,72.2,90.9,.256,.319,.488,46.2,52.6,9.2,8.5,.464,16.3,20.9,.166
273,San Francisco,25,11,14,.440,5.03,2.87,,4,9,,3,5,,4,6,,1786,1732,,69.5,102.8,.215,.502,.535,48.7,45.6,10.3,8.4,.513,14.9,24.9,.154
274,San Jose State,20,5,15,.250,-16.61,1.28,,2,12,,4,6,,0,8,,1301,1599,,72.2,90.1,.291,.398,.480,43.2,42.6,6.7,7.1,.453,15.8,20.6,.187
275,Santa Clara,20,12,8,.600,-1.11,1.10,,4,5,,6,3,,4,3,,1393,1412,,72.1,96.6,.406,.320,.521,50.2,49.4,6.1,10.1,.483,16.3,23.2,.277
276,Seattle,21,11,10,.524,-6.37,-5.43,,4,5,,6,3,,3,6,,1547,1431,,70.6,103.7,.294,.417,.520,47.7,46.0,9.2,10.4,.484,13.2,27.7,.218
277,Seton Hall,25,13,12,.520,12.20,10.48,,10,9,,7,4,,6,7,,1789,1746,,67.8,104.4,.358,.376,.545,49.8,52.2,9.4,11.1,.505,16.4,29.3,.264
278,Siena,16,12,4,.750,-2.98,-8.04,,12,4,,6,2,,6,2,,1097,1016,,66.4,103.3,.372,.351,.547,52.3,52.9,8.3,8.1,.519,16.8,28.7,.249
279,South Alabama,28,17,11,.607,-5.45,-5.28,,10,7,,10,5,,6,5,,2075,1985,,68.4,106.9,.334,.436,.552,48.4,43.9,10.3,11.0,.520,15.1,27.2,.240
280,South Carolina State,18,1,17,.056,-23.87,-6.54,,1,7,,1,6,,0,11,,1102,1414,,72.5,84.4,.276,.376,.472,44.6,44.4,8.1,7.6,.448,21.1,25.8,.171
281,South Carolina Upstate,23,5,18,.217,-13.01,-4.51,,5,11,,3,8,,2,10,,1515,1712,,68.9,95.6,.293,.400,.524,46.5,51.3,9.0,7.1,.491,18.4,23.7,.211
282,South Carolina,20,6,14,.300,4.55,10.65,,4,12,,3,6,,2,7,,1464,1586,,75.9,96.5,.275,.349,.496,48.9,49.5,11.3,10.2,.471,17.1,31.9,.179
283,South Dakota State,23,16,7,.696,2.76,-2.56,,9,3,,8,1,,4,2,,1850,1690,,71.9,111.9,.377,.348,.597,53.5,49.9,7.7,8.5,.568,15.4,24.4,.270
284,South Dakota,25,14,11,.560,-1.64,-3.89,,11,4,,7,2,,5,4,,1899,1805,,70.2,108.1,.325,.332,.572,50.5,51.8,6.5,6.9,.533,13.9,22.1,.254
285,South Florida,20,8,12,.400,-0.33,6.67,,4,10,,4,6,,3,4,,1309,1432,,68.3,95.3,.349,.330,.487,52.7,48.9,7.9,8.2,.456,17.7,33.7,.224
286,Southeast Missouri State,27,11,16,.407,-9.66,-6.99,,9,11,,7,6,,3,9,,1864,1936,,68.9,97.5,.405,.396,.532,51.6,59.4,9.7,6.7,.499,19.2,27.6,.272
287,Southeastern Louisiana,24,7,17,.292,-16.89,-7.31,,5,11,,3,4,,4,13,,1641,1871,,71.6,94.1,.420,.402,.498,48.8,44.3,9.0,7.3,.457,19.0,31.2,.281
288,Southern California,27,21,6,.778,17.67,7.45,,15,5,,13,2,,7,3,,2007,1731,,67.8,108.5,.369,.312,.542,55.6,51.1,7.2,13.5,.518,15.5,36.6,.237
289,SIU Edwardsville,26,9,17,.346,-14.37,-5.45,,7,12,,2,8,,6,7,,1709,1897,,69.8,94.2,.330,.349,.527,48.4,54.4,8.4,13.1,.497,20.3,26.5,.225
290,Southern Illinois,26,12,14,.462,-3.23,1.05,,5,13,,8,5,,3,8,,1704,1770,,65.8,98.7,.294,.411,.549,46.5,57.3,9.3,5.6,.528,16.7,17.0,.195
291,Southern Methodist,15,11,4,.733,12.05,4.38,,7,4,,6,2,,5,2,,1114,999,,70.4,105.4,.308,.369,.553,51.7,57.2,8.7,12.8,.520,17.1,29.9,.228
292,Southern Mississippi,24,8,16,.333,-6.54,-1.95,,4,13,,6,7,,2,9,,1553,1607,,68.5,94.0,.287,.304,.511,50.9,49.1,8.5,6.5,.484,18.1,24.6,.194
293,Southern Utah,22,19,3,.864,0.22,-6.55,,12,2,,14,0,,5,3,,1853,1506,,73.0,115.5,.377,.431,.585,56.4,49.4,9.7,7.1,.551,14.6,32.5,.278
294,Southern,18,8,10,.444,-12.96,-12.80,,8,6,,5,2,,3,7,,1260,1263,,73.2,94.3,.397,.295,.519,51.5,57.9,10.7,6.9,.483,19.2,27.5,.267
295,St. Bonaventure,19,15,4,.789,14.94,4.73,,11,4,,8,1,,4,3,,1336,1142,,65.0,108.2,.276,.319,.537,52.9,57.3,9.5,12.5,.507,14.5,33.6,.201
296,St. Francis (NY),19,9,10,.474,-8.22,-6.38,,9,9,,4,6,,5,4,,1476,1511,,73.6,104.9,.307,.293,.530,49.4,50.0,10.9,8.9,.495,14.1,30.2,.226
297,St. John's (NY),26,16,10,.615,10.73,8.11,,10,9,,11,3,,4,6,,2063,1995,,74.3,105.7,.287,.333,.543,48.9,57.0,12.2,10.5,.510,14.9,29.2,.215
298,Stanford,26,14,12,.538,9.09,8.24,,10,10,,5,4,,6,6,,1825,1803,,69.8,98.6,.366,.310,.552,50.3,49.1,9.9,9.6,.517,19.2,25.4,.262
299,Stephen F. Austin,21,16,5,.762,-1.63,-8.47,,13,3,,10,1,,6,4,,1686,1484,,72.7,109.1,.421,.249,.588,55.4,53.2,12.9,10.0,.562,19.5,36.8,.286
300,Stetson,25,11,14,.440,-7.28,-4.46,,7,9,,7,5,,3,8,,1800,1767,,68.7,104.3,.273,.423,.542,50.8,54.7,10.3,7.7,.517,16.6,29.3,.190
301,Stony Brook,23,9,14,.391,-5.20,-3.79,,7,9,,5,5,,4,8,,1522,1509,,67.7,96.6,.329,.359,.499,51.7,51.2,8.2,14.5,.465,17.3,30.8,.225
302,Syracuse,23,15,8,.652,13.20,8.42,,9,7,,13,1,,2,7,,1738,1628,,70.3,106.9,.289,.389,.539,48.6,56.1,12.7,14.3,.500,13.9,29.7,.227
303,Tarleton State,20,10,10,.500,-8.07,-3.80,,5,7,,6,3,,4,7,,1467,1246,,69.2,106.1,.365,.258,.554,48.7,55.5,15.1,10.0,.518,14.8,26.0,.263
304,Temple,15,5,10,.333,3.33,6.40,,4,10,,3,5,,2,5,,982,1028,,67.9,96.4,.393,.395,.513,49.6,61.1,6.3,5.8,.468,17.5,26.5,.280
305,Tennessee-Martin,24,8,16,.333,-18.85,-5.33,,6,14,,6,7,,2,9,,1571,1847,,68.7,94.2,.294,.355,.495,46.7,52.0,10.3,8.0,.458,17.8,29.2,.211
306,Tennessee State,23,4,19,.174,-13.48,-6.62,,3,17,,4,8,,0,11,,1573,1702,,72.5,93.4,.326,.358,.507,46.9,47.2,10.1,8.9,.475,18.5,25.5,.223
307,Tennessee Tech,27,5,22,.185,-13.45,-3.15,,5,15,,5,6,,0,16,,1797,2075,,70.2,94.4,.270,.427,.525,49.4,57.9,9.2,6.2,.501,20.1,26.6,.183
308,Tennessee,24,17,7,.708,18.13,8.38,,10,7,,13,3,,4,4,,1739,1505,,68.4,105.8,.358,.340,.542,51.7,58.7,10.5,13.4,.501,15.4,31.4,.267
309,Texas A&M-Corpus Christi,24,5,19,.208,-16.69,-6.02,,2,13,,4,8,,1,10,,1554,1716,,71.3,90.8,.357,.358,.513,48.4,56.8,9.6,8.1,.477,20.9,24.6,.245
310,Texas A&M,17,8,9,.471,3.02,5.20,,2,8,,6,4,,2,4,,1089,1126,,66.0,97.1,.351,.407,.519,50.9,53.7,10.7,6.6,.477,19.4,32.3,.257
311,Texas-Arlington,26,13,13,.500,-6.90,-4.25,,9,8,,9,4,,3,8,,1916,1827,,71.6,102.5,.268,.397,.513,48.9,52.1,11.4,12.2,.479,14.3,29.3,.197
312,Texas Christian,25,12,13,.480,3.93,7.65,,5,11,,6,7,,3,6,,1688,1781,,67.7,99.3,.328,.363,.531,50.3,54.5,8.8,9.2,.503,18.1,28.8,.222
313,Texas-El Paso,23,12,11,.522,1.49,1.39,,8,8,,10,2,,2,9,,1628,1568,,69.6,101.2,.285,.369,.523,49.6,47.8,9.0,7.5,.487,14.0,24.2,.213
314,Texas-Rio Grande Valley,18,9,9,.500,-9.47,-5.90,,2,5,,8,3,,1,6,,1315,1210,,74.8,97.7,.396,.371,.498,50.0,60.9,12.3,11.2,.465,16.9,33.2,.253
315,Texas-San Antonio,24,14,10,.583,-1.33,-0.33,,9,7,,12,2,,2,8,,1911,1764,,73.7,108.0,.242,.365,.541,51.4,49.3,8.7,9.0,.512,13.9,30.2,.184
316,Texas Southern,21,13,8,.619,-8.56,-10.31,,10,3,,8,2,,5,6,,1553,1475,,74.6,99.2,.375,.270,.521,53.7,46.0,9.8,12.7,.483,18.2,32.3,.261
317,Texas State,25,18,7,.720,-3.66,-7.18,,12,3,,8,3,,9,3,,1660,1543,,64.6,101.2,.274,.269,.540,52.4,52.6,10.4,9.6,.514,17.8,29.8,.194
318,Texas Tech,26,17,9,.654,16.72,6.68,,9,8,,11,4,,5,4,,1906,1645,,67.1,108.2,.395,.314,.539,51.7,50.9,10.4,12.8,.499,13.8,33.3,.282
319,Texas,24,17,7,.708,16.22,9.52,,11,6,,8,5,,6,2,,1798,1637,,69.5,106.1,.336,.421,.556,52.8,50.2,9.1,9.8,.527,17.1,30.4,.236
320,Toledo,27,20,7,.741,8.53,-1.43,,15,4,,12,1,,7,5,,2196,1927,,70.3,114.7,.280,.451,.578,50.4,57.4,8.6,6.4,.545,13.5,29.2,.219
321,Towson,18,4,14,.222,-8.97,-1.47,,3,9,,4,4,,0,6,,1214,1349,,66.8,99.5,.334,.295,.497,51.5,39.2,7.4,7.9,.454,15.5,34.1,.243
322,Troy,28,11,17,.393,-11.42,-3.42,,4,12,,7,4,,2,11,,1829,1942,,70.2,92.7,.348,.388,.492,51.2,50.3,8.9,8.7,.452,18.3,28.8,.242
323,Tulane,21,9,12,.429,0.98,2.93,,4,12,,6,6,,3,6,,1341,1382,,68.1,93.7,.366,.403,.493,46.3,54.8,11.0,9.4,.441,15.3,23.2,.276
324,Tulsa,22,11,11,.500,5.06,6.01,,7,9,,7,5,,4,4,,1503,1432,,68.0,100.5,.336,.395,.542,48.8,57.0,9.5,6.2,.515,17.6,26.4,.227
325,UCLA,25,17,8,.680,12.93,8.25,,13,6,,11,1,,5,6,,1815,1698,,65.4,108.2,.321,.317,.554,53.0,52.5,7.6,7.7,.523,14.4,29.6,.231
326,Utah State,25,18,7,.720,11.01,0.14,,13,4,,10,2,,5,3,,1859,1572,,70.1,106.1,.305,.320,.538,57.6,60.4,10.2,14.4,.507,16.6,35.5,.219
327,Utah Valley,21,11,10,.524,-3.57,-2.52,,9,4,,8,4,,3,6,,1570,1557,,72.1,103.0,.417,.264,.551,54.6,63.7,7.2,11.7,.530,18.2,31.1,.260
328,Utah,23,11,12,.478,9.75,7.10,,8,11,,8,5,,3,7,,1620,1559,,67.4,104.5,.270,.342,.560,48.0,59.3,8.3,9.6,.525,16.9,24.4,.214
329,Valparaiso,28,10,18,.357,-3.63,1.71,,7,11,,6,6,,4,11,,1821,1902,,68.3,94.4,.272,.403,.512,47.1,53.9,9.5,9.4,.479,16.3,20.1,.198
330,Vanderbilt,23,8,15,.348,6.57,7.44,,3,13,,6,7,,2,8,,1652,1672,,69.9,102.7,.330,.462,.548,49.6,51.7,10.1,6.9,.515,17.7,28.3,.238
331,Vermont,15,10,5,.667,2.88,-6.72,,10,4,,6,3,,4,2,,1095,951,,66.4,108.1,.330,.407,.572,52.9,55.1,7.4,8.0,.533,16.0,26.6,.257
332,Villanova,21,16,5,.762,18.50,9.65,,11,4,,9,0,,4,4,,1591,1405,,66.4,113.5,.296,.442,.564,51.4,58.0,8.1,4.6,.529,12.0,28.1,.229
333,Virginia Commonwealth,25,19,6,.760,12.57,5.41,,10,4,,12,2,,5,3,,1799,1620,,70.6,101.4,.339,.350,.551,49.9,53.1,13.3,15.1,.511,18.5,28.6,.258
334,VMI,25,13,12,.520,0.26,-0.10,,7,7,,11,1,,1,10,,2001,1897,,72.3,109.5,.272,.469,.584,51.3,55.7,7.3,8.0,.554,15.5,23.4,.210
335,Virginia Tech,20,15,5,.750,14.09,6.74,,9,4,,10,2,,3,3,,1442,1295,,66.2,107.5,.336,.416,.554,52.9,56.3,6.9,12.2,.524,15.2,28.9,.236
336,Virginia,23,17,6,.739,16.98,8.59,,13,4,,10,1,,6,3,,1575,1382,,60.8,112.1,.220,.413,.589,52.1,54.5,8.0,12.7,.561,13.8,22.6,.178
337,Wagner,20,13,7,.650,-3.36,-5.91,,13,5,,7,3,,6,4,,1425,1374,,66.8,104.8,.280,.305,.522,52.5,48.4,10.8,8.2,.491,15.3,34.8,.201
338,Wake Forest,21,6,15,.286,2.78,9.28,,3,15,,5,6,,1,9,,1381,1503,,67.5,96.8,.299,.464,.524,48.7,50.2,9.3,6.4,.490,18.2,25.2,.217
339,Washington State,26,14,12,.538,6.14,4.71,,7,12,,11,5,,3,6,,1794,1757,,68.4,98.0,.356,.397,.518,52.2,52.5,8.7,9.2,.479,18.4,30.9,.253
340,Washington,25,5,20,.200,-0.47,9.53,,4,16,,4,7,,1,9,,1664,1914,,70.6,94.2,.266,.392,.512,44.1,43.9,8.4,8.9,.483,17.3,23.1,.187
341,Weber State,22,17,5,.773,2.89,-6.16,,12,3,,11,0,,6,5,,1806,1514,,72.5,113.2,.367,.381,.619,51.4,53.2,9.0,8.2,.583,15.9,22.0,.288
342,West Virginia,26,18,8,.692,16.05,10.55,,11,6,,8,5,,7,2,,2018,1875,,70.6,108.4,.405,.330,.531,52.1,52.9,10.2,7.6,.488,14.1,35.9,.290
343,Western Carolina,27,11,16,.407,-6.80,-1.40,,4,13,,6,5,,4,9,,2039,2129,,72.2,102.2,.333,.420,.558,49.6,50.1,6.7,7.4,.526,17.3,22.9,.242
344,Western Illinois,22,7,15,.318,-12.64,-4.78,,5,9,,2,5,,4,9,,1606,1746,,73.5,99.3,.358,.365,.504,51.1,40.9,7.2,7.9,.461,15.2,29.1,.256
345,Western Kentucky,24,18,6,.750,5.19,-0.14,,11,3,,11,2,,5,3,,1773,1645,,70.2,104.7,.359,.320,.556,55.5,51.0,9.4,12.1,.511,18.3,32.6,.281
346,Western Michigan,21,5,16,.238,-10.16,0.14,,4,12,,2,9,,3,7,,1325,1511,,68.3,92.4,.252,.370,.513,48.3,49.1,6.5,5.3,.494,19.1,23.6,.161
347,Wichita State,19,15,4,.789,10.35,7.41,,11,2,,10,2,,5,2,,1393,1289,,69.0,104.8,.378,.401,.516,49.5,53.1,8.4,9.2,.478,14.0,31.7,.261
348,William & Mary,17,7,10,.412,-10.28,-3.04,,4,6,,1,3,,5,6,,1101,1224,,67.2,95.7,.320,.361,.504,48.4,47.2,7.8,8.4,.461,17.5,28.6,.239
349,Winthrop,24,23,1,.958,5.25,-7.50,,17,1,,11,1,,10,0,,1909,1603,,72.8,109.3,.357,.393,.558,56.3,53.6,10.7,6.7,.530,16.6,35.5,.245
350,Wisconsin,27,16,11,.593,18.16,12.31,,10,10,,11,5,,5,6,,1887,1729,,65.8,105.2,.275,.411,.529,49.0,53.8,9.1,10.5,.493,11.7,23.8,.209
351,Wofford,24,15,9,.625,2.31,0.31,,12,5,,9,3,,6,4,,1784,1627,,67.6,109.4,.254,.504,.579,51.6,54.3,9.8,6.1,.560,16.6,27.7,.179
352,Wright State,24,18,6,.750,8.08,-6.47,,16,4,,9,4,,9,2,,1967,1618,,72.1,113.0,.345,.329,.574,56.2,52.0,8.1,8.4,.544,15.5,34.2,.250
353,Wyoming,23,13,10,.565,-2.60,-2.56,,5,9,,7,5,,4,5,,1738,1739,,70.1,106.7,.352,.490,.560,46.6,53.8,8.2,5.3,.529,14.6,23.4,.250
354,Xavier,20,13,7,.650,12.60,7.70,,6,7,,11,2,,2,5,,1502,1404,,70.4,106.1,.267,.389,.544,50.6,63.3,10.1,10.5,.520,14.1,26.3,.185
355,Yale,0,0,0,,,,,0,0,,0,0,,0,0,,,,,,,,,,,,,,,,,
356,Youngstown State,27,15,12,.556,-8.61,-7.00,,9,11,,10,5,,5,7,,2010,1950,,69.1,106.2,.321,.362,.522,51.3,48.7,8.6,4.6,.484,13.9,33.6,.233