,,Overall,Overall,Overall,Overall,Overall,Overall,,Conf.,Conf.,,Home,Home,,Away,Away,,Points,Points,,Opponent Advanced,Opponent Advanced,Opponent Advanced,Opponent Advanced,Opponent Advanced,Opponent Advanced,Opponent Advanced,Opponent Advanced,Opponent Advanced,Opponent Advanced,Opponent Advanced,Opponent Advanced,Opponent Advanced
Rk,School,G,W,L,W-L%,SRS,SOS,,W,L,,W,L,,W,L,,Tm.,Opp.,,Pace,ORtg,FTr,3PAr,TS%,TRB%,AST%,STL%,BLK%,eFG%,TOV%,ORB%,FT/FGA
1,Abilene Christian,25,21,4,.840,5.18,-8.11,,13,2,,13,0,,5,4,,1924,1518,,72.6,83.6,.417,.346,.499,48.9,49.6,9.0,8.9,.454,25.3,27.3,.288
2,Air Force,24,5,19,.208,-12.26,0.32,,3,17,,3,8,,1,10,,1416,1718,,63.7,112.3,.334,.409,.591,59.5,55.9,9.4,8.2,.570,18.5,35.5,.229
3,Akron,21,14,7,.667,2.88,-1.33,,12,6,,9,1,,5,5,,1650,1512,,70.6,101.4,.264,.345,.518,47.8,46.2,7.8,6.7,.487,15.0,27.8,.192
4,Alabama A&M,15,6,9,.400,-18.99,-15.12,,4,9,,5,2,,1,7,,950,1008,,70.1,94.3,.374,.333,.480,50.2,53.7,11.3,6.9,.440,15.5,29.2,.251
5,Alabama-Birmingham,27,21,6,.778,6.12,-3.92,,13,5,,15,2,,6,4,,1972,1624,,69.3,86.8,.278,.360,.487,48.6,47.6,6.1,8.1,.456,21.2,25.7,.191
6,Alabama State,18,4,14,.222,-24.45,-17.12,,4,14,,3,6,,1,8,,1156,1288,,72.4,98.9,.369,.319,.526,50.9,49.8,10.7,11.4,.489,18.0,29.6,.257
7,Alabama,27,21,6,.778,19.55,10.26,,16,2,,12,1,,7,3,,2149,1898,,75.7,92.9,.331,.335,.493,48.9,44.1,10.8,13.9,.457,18.4,28.8,.226
8,Albany (NY),16,7,9,.438,-3.62,-4.31,,6,6,,4,5,,2,4,,1110,1099,,69.7,98.6,.293,.369,.540,52.1,48.8,8.1,11.0,.513,18.6,27.3,.202
9,Alcorn State,18,6,12,.333,-19.11,-10.33,,6,7,,4,3,,2,9,,1201,1359,,70.9,106.4,.513,.390,.587,51.9,58.3,9.5,10.4,.556,19.5,30.0,.347
10,American,10,4,6,.400,-2.96,1.54,,4,5,,2,2,,2,4,,691,736,,67.5,103.8,.384,.295,.533,51.8,43.7,12.0,7.8,.502,15.3,29.9,.257
11,Appalachian State,28,17,11,.607,-5.08,-4.99,,7,8,,9,4,,4,7,,1986,1806,,66.7,94.7,.242,.380,.509,49.4,50.2,8.1,13.1,.482,18.2,27.4,.172
12,Arizona State,23,10,13,.435,5.57,8.01,,7,10,,7,6,,2,6,,1721,1777,,72.5,105.4,.375,.365,.562,55.5,56.6,7.4,8.1,.521,18.1,30.6,.283
13,Arizona,26,17,9,.654,12.90,6.05,,11,9,,12,4,,5,5,,1961,1783,,68.4,99.3,.324,.367,.525,44.9,46.3,7.8,7.0,.492,16.0,24.1,.229
14,Little Rock,26,11,15,.423,-6.01,-5.05,,7,11,,7,4,,2,8,,1786,1782,,67.9,99.9,.272,.394,.535,47.7,53.8,9.6,8.3,.505,17.8,27.4,.197
15,Arkansas-Pine Bluff,24,4,20,.167,-22.57,-7.57,,3,12,,2,3,,2,17,,1487,1847,,69.7,109.4,.383,.334,.565,53.2,60.2,11.8,10.1,.539,15.9,31.8,.258
16,Arkansas State,24,11,13,.458,-7.66,-5.57,,7,8,,9,3,,1,9,,1741,1667,,69.3,99.7,.275,.335,.515,47.5,48.4,9.7,10.2,.481,15.7,27.6,.203
17,Arkansas,26,21,5,.808,18.54,5.89,,13,4,,16,1,,5,4,,2166,1837,,75.3,93.4,.292,.380,.505,47.2,47.1,8.6,8.9,.475,17.8,26.3,.199
18,Army,20,12,8,.600,5.05,4.94,,7,7,,5,4,,5,3,,1448,1385,,70.2,98.0,.241,.410,.532,50.1,51.1,10.2,9.8,.506,17.5,23.8,.174
19,Auburn,27,13,14,.481,10.49,9.74,,7,11,,8,5,,3,8,,2084,2064,,73.4,103.1,.316,.355,.525,48.0,45.5,11.8,11.5,.496,15.8,31.5,.217
20,Austin Peay,27,14,13,.519,-6.16,-7.72,,10,10,,8,5,,4,6,,2007,1890,,69.0,100.4,.327,.371,.561,47.9,45.4,11.2,6.7,.538,20.6,29.7,.221
21,Ball State,22,10,12,.455,-1.15,-0.47,,8,9,,7,4,,3,8,,1630,1645,,72.1,103.1,.351,.376,.522,50.6,47.5,10.0,7.3,.489,15.0,30.1,.241
22,Baylor,22,21,1,.955,24.92,5.19,,13,1,,11,0,,7,1,,1877,1443,,70.1,93.0,.308,.346,.518,46.6,51.6,8.5,9.9,.490,21.7,30.8,.207
23,Bellarmine,20,13,7,.650,-1.81,-6.09,,10,3,,6,4,,7,2,,1486,1307,,65.1,100.4,.276,.491,.564,48.6,56.3,7.9,7.2,.541,20.9,26.8,.194
24,Belmont,30,26,4,.867,4.05,-8.13,,18,2,,11,1,,10,2,,2439,2074,,71.9,95.8,.247,.364,.512,49.6,49.9,8.7,10.6,.488,17.9,27.5,.168
25,Binghamton,18,4,14,.222,-11.37,-4.48,,4,10,,1,9,,3,5,,1178,1302,,66.2,107.1,.313,.360,.546,49.8,46.6,10.0,7.9,.515,14.3,27.5,.225
26,Boise State,25,18,7,.720,10.18,0.77,,14,6,,11,1,,6,6,,1899,1636,,70.1,92.9,.269,.351,.513,47.4,45.3,7.3,6.4,.478,18.6,23.0,.199
27,Boston College,19,4,15,.211,3.15,9.88,,2,11,,3,5,,0,7,,1376,1504,,72.3,108.8,.297,.351,.574,52.7,49.0,9.0,10.5,.550,16.3,27.9,.212
28,Boston University,18,7,11,.389,1.12,5.67,,6,10,,2,6,,5,5,,1249,1331,,67.7,109.2,.298,.348,.556,48.7,47.1,9.4,7.0,.535,13.4,25.9,.199
29,Bowling Green State,24,14,10,.583,1.63,-1.11,,10,8,,4,7,,10,3,,1896,1812,,72.5,103.1,.292,.392,.542,50.5,50.4,7.5,9.6,.515,17.0,29.6,.206
30,Bradley,28,12,16,.429,0.80,1.65,,6,12,,8,6,,2,9,,1948,1864,,66.4,99.4,.291,.435,.522,47.7,55.0,9.7,5.7,.497,15.8,25.6,.193
31,Brigham Young,25,20,5,.800,14.68,5.18,,10,3,,11,2,,7,2,,1969,1692,,70.5,94.5,.289,.347,.492,45.0,47.1,9.1,5.4,.460,14.7,23.0,.198
32,Brown,0,0,0,,,,,0,0,,0,0,,0,0,,,,,,,,,,,,,,,,,
33,Bryant,20,15,5,.750,1.50,-5.87,,10,4,,10,0,,5,5,,1693,1498,,77.0,97.2,.255,.390,.495,48.0,53.5,9.7,9.1,.465,15.4,29.8,.179
34,Bucknell,11,5,6,.455,-3.50,-3.59,,4,6,,2,3,,3,3,,824,823,,72.9,102.7,.304,.333,.525,51.2,54.3,9.6,8.7,.485,14.0,26.5,.232
35,Buffalo,21,14,7,.667,8.31,-1.34,,12,5,,8,3,,5,3,,1737,1527,,75.3,96.0,.306,.336,.501,44.6,49.1,8.6,6.4,.458,15.8,26.1,.230
36,Butler,23,9,14,.391,6.37,10.67,,8,12,,8,4,,1,9,,1462,1561,,65.6,102.4,.302,.374,.548,51.0,54.2,7.7,10.9,.520,16.7,24.7,.212
37,Cal Poly,22,3,19,.136,-15.81,-2.72,,1,15,,3,8,,0,11,,1339,1560,,68.6,102.8,.355,.331,.536,53.5,52.5,10.5,9.1,.500,16.3,28.8,.252
38,Cal State Bakersfield,25,15,10,.600,-1.11,-3.55,,11,7,,9,2,,6,8,,1755,1607,,65.8,97.3,.407,.417,.536,43.6,56.8,8.7,6.8,.496,19.0,25.5,.286
39,Cal State Fullerton,15,6,9,.400,-6.75,-3.60,,5,9,,5,4,,1,5,,1150,1170,,72.9,106.2,.269,.346,.558,52.8,57.2,9.3,8.4,.536,16.7,29.7,.188
40,Cal State Northridge,21,9,12,.429,-8.88,-2.93,,5,9,,4,7,,4,4,,1523,1624,,70.6,108.9,.335,.403,.573,52.6,55.2,8.4,6.5,.537,16.1,28.2,.255
41,California Baptist,22,13,9,.591,-5.46,-6.18,,6,6,,11,4,,2,5,,1754,1591,,71.1,101.1,.360,.330,.524,46.8,54.2,8.8,6.9,.496,14.9,25.5,.235
42,UC-Davis,16,9,7,.563,-7.50,-6.63,,7,5,,4,3,,4,3,,1182,1162,,71.4,99.4,.401,.363,.566,51.0,54.6,8.4,9.1,.532,21.5,27.8,.283
43,UC-Irvine,24,16,8,.667,2.33,-2.22,,13,4,,10,1,,6,6,,1751,1521,,69.7,90.1,.278,.396,.486,44.3,55.6,10.1,5.6,.453,17.5,23.5,.193
44,UC-Riverside,20,13,7,.650,3.52,-4.03,,10,5,,5,4,,7,3,,1421,1270,,66.8,93.9,.274,.349,.486,47.1,47.8,7.2,7.9,.457,14.4,23.7,.184
45,UC-San Diego,17,7,10,.412,-8.00,-0.07,,4,10,,7,3,,0,7,,1214,1226,,70.2,102.0,.213,.335,.539,56.2,55.6,9.7,9.1,.517,17.4,29.7,.152
46,UC-Santa Barbara,23,19,4,.826,6.11,-3.80,,15,3,,11,0,,8,4,,1744,1428,,67.0,91.7,.282,.321,.506,45.8,46.8,6.9,5.4,.469,19.0,22.8,.211
47,University of California,27,8,19,.296,1.39,7.20,,3,17,,6,8,,1,11,,1763,1889,,66.5,105.2,.331,.330,.562,50.8,52.0,9.0,9.1,.533,15.8,24.2,.235
48,Campbell,27,17,10,.630,-6.13,-6.65,,11,6,,9,3,,6,7,,1917,1840,,65.8,102.1,.305,.379,.548,53.8,43.7,8.5,6.7,.517,18.8,30.2,.220
49,Canisius,13,7,6,.538,-7.48,-6.71,,7,5,,3,1,,4,4,,915,925,,71.5,99.5,.316,.311,.538,51.4,44.1,7.5,9.8,.505,18.0,26.8,.228
50,Central Arkansas,24,5,19,.208,-14.65,-1.78,,4,12,,4,5,,1,14,,1701,1933,,74.0,108.8,.292,.384,.556,48.9,57.2,12.6,8.8,.526,14.1,27.6,.214
51,Central Connecticut State,21,5,16,.238,-13.10,-4.24,,5,13,,3,6,,2,9,,1439,1625,,72.0,107.5,.304,.393,.563,55.3,57.3,10.7,8.1,.539,17.4,32.6,.212
52,Central Florida,21,10,11,.476,6.12,8.64,,8,10,,6,3,,4,8,,1412,1465,,67.8,102.4,.340,.394,.530,51.2,55.1,9.8,8.4,.499,17.1,31.6,.235
53,Central Michigan,23,7,16,.304,-11.18,-3.03,,3,13,,5,7,,2,9,,1766,1835,,74.9,106.5,.269,.397,.555,51.7,52.5,8.4,9.1,.524,16.2,30.5,.203
54,Charleston Southern,21,3,18,.143,-15.99,-5.49,,2,15,,1,9,,2,8,,1375,1550,,70.2,104.6,.340,.373,.533,50.5,49.2,12.5,11.7,.508,16.0,30.5,.224
55,Charlotte,24,9,15,.375,-4.93,-1.97,,5,11,,6,7,,3,8,,1525,1596,,64.4,100.6,.238,.391,.542,50.6,53.1,10.8,10.9,.513,17.0,24.5,.181
56,Chattanooga,26,18,8,.692,-1.00,-2.37,,9,7,,9,3,,9,4,,1888,1801,,68.6,99.9,.232,.356,.537,50.7,49.1,7.5,10.7,.515,17.0,24.5,.164
57,Chicago State,9,0,9,.000,-31.36,1.86,,0,0,,0,0,,0,7,,499,798,,71.2,124.5,.328,.367,.619,62.0,59.0,9.0,8.8,.601,13.9,37.9,.228
58,Cincinnati,20,10,10,.500,4.62,6.67,,8,6,,5,5,,5,5,,1397,1438,,71.5,100.6,.403,.342,.541,48.9,55.3,9.4,9.8,.491,16.6,24.5,.308
59,Citadel,25,13,12,.520,-5.49,-0.87,,5,11,,11,3,,1,8,,2019,1959,,74.9,104.6,.268,.346,.534,49.7,44.6,9.3,8.7,.501,13.3,25.0,.203
60,Clemson,22,16,6,.727,14.10,10.51,,10,6,,11,1,,2,5,,1438,1359,,65.0,94.4,.305,.413,.514,49.8,52.2,10.0,9.7,.483,19.1,26.5,.212
61,Cleveland State,25,18,7,.720,-4.10,-4.58,,16,4,,9,2,,8,5,,1778,1766,,67.4,102.3,.376,.416,.531,50.3,52.6,9.2,7.3,.490,17.4,32.2,.272
62,Coastal Carolina,23,16,7,.696,-1.92,-7.92,,9,5,,12,1,,3,5,,1836,1535,,71.8,92.4,.289,.459,.484,43.3,54.5,10.8,6.0,.454,16.9,26.5,.194
63,Colgate,13,12,1,.923,19.09,1.93,,11,1,,6,1,,6,0,,1105,882,,72.3,92.9,.252,.367,.478,47.0,43.0,7.1,6.8,.448,14.7,25.0,.174
64,College of Charleston,19,9,10,.474,-4.08,-2.26,,6,4,,8,6,,1,3,,1341,1329,,64.7,105.3,.329,.398,.550,50.6,51.8,7.2,8.9,.517,15.5,25.8,.238
65,Colorado State,22,17,5,.773,9.19,-0.81,,14,4,,10,1,,6,4,,1669,1447,,69.9,94.1,.284,.445,.501,48.0,53.5,9.2,9.7,.478,17.4,25.4,.182
66,Colorado,27,20,7,.741,17.47,6.73,,14,6,,11,1,,6,6,,1990,1700,,66.8,94.2,.277,.341,.505,46.9,48.2,7.2,7.8,.470,17.7,25.4,.203
67,Columbia,0,0,0,,,,,0,0,,0,0,,0,0,,,,,,,,,,,,,,,,,
68,Connecticut,20,14,6,.700,16.34,9.19,,11,6,,7,3,,6,3,,1446,1303,,66.4,97.5,.380,.340,.510,46.4,47.8,8.6,6.8,.468,16.9,28.9,.269
69,Coppin State,21,9,12,.429,-11.44,-5.82,,8,4,,5,3,,4,9,,1541,1659,,79.4,99.5,.267,.410,.514,56.3,48.3,8.9,9.8,.482,17.6,32.2,.195
70,Cornell,0,0,0,,,,,0,0,,0,0,,0,0,,,,,,,,,,,,,,,,,
71,Creighton,25,18,7,.720,18.04,8.68,,14,6,,11,3,,7,4,,1961,1727,,70.0,97.7,.253,.391,.502,50.4,51.3,7.9,9.0,.472,15.5,28.0,.180
72,Dartmouth,0,0,0,,,,,0,0,,0,0,,0,0,,,,,,,,,,,,,,,,,
73,Davidson,21,13,8,.619,10.71,4.11,,7,4,,7,4,,4,2,,1518,1336,,63.7,99.3,.289,.412,.522,46.2,47.9,7.4,8.3,.488,14.7,21.7,.211
74,Dayton,23,14,9,.609,7.59,5.07,,9,7,,8,3,,4,6,,1614,1556,,66.4,99.2,.267,.377,.505,49.5,49.7,8.2,9.8,.483,15.1,28.4,.171
75,Delaware State,19,3,16,.158,-23.65,-5.89,,1,11,,3,6,,0,10,,1345,1629,,77.1,110.4,.430,.382,.572,53.5,54.2,10.9,11.1,.536,16.4,32.0,.304
76,Delaware,15,7,8,.467,-4.30,-4.16,,5,4,,6,3,,1,4,,1013,1012,,67.8,99.5,.307,.343,.516,48.4,44.3,9.5,8.3,.481,14.9,25.9,.221
77,Denver,21,2,19,.095,-17.15,-6.55,,1,13,,2,10,,0,9,,1466,1662,,71.4,109.6,.408,.386,.593,53.2,42.3,9.0,9.1,.551,16.9,26.3,.314
78,DePaul,17,4,13,.235,4.14,9.49,,2,13,,2,8,,2,5,,1120,1211,,70.6,99.4,.348,.405,.523,49.5,55.8,10.3,8.9,.482,17.8,30.3,.255
79,Detroit Mercy,22,12,10,.545,-2.30,-4.85,,10,6,,7,5,,5,5,,1683,1627,,68.2,107.8,.224,.425,.561,50.9,62.1,8.0,8.3,.542,16.1,28.9,.159
80,Dixie State,21,8,13,.381,-14.84,-4.26,,4,10,,5,7,,3,6,,1461,1603,,74.0,103.1,.349,.363,.535,53.0,53.2,10.0,9.3,.508,17.0,31.3,.232
81,Drake,29,25,4,.862,9.73,-1.45,,15,3,,14,1,,9,2,,2245,1875,,66.8,96.0,.286,.363,.515,46.2,45.6,8.2,6.9,.479,17.1,24.9,.210
82,Drexel,18,11,7,.611,0.26,-4.25,,4,5,,3,2,,4,5,,1295,1214,,66.3,101.8,.286,.346,.534,46.7,42.4,9.1,9.3,.500,15.0,24.6,.215
83,Duke,22,11,11,.500,12.75,9.84,,9,9,,8,5,,3,6,,1668,1604,,69.6,103.6,.317,.318,.553,48.8,49.7,9.0,11.0,.524,17.3,28.3,.225
84,Duquesne,18,9,9,.500,3.43,3.60,,7,7,,5,2,,2,5,,1205,1208,,68.4,98.2,.355,.391,.511,49.8,56.9,9.9,8.5,.473,16.9,30.1,.249
85,East Carolina,18,8,10,.444,1.57,3.98,,2,10,,7,6,,1,4,,1207,1219,,69.0,97.4,.374,.429,.529,50.9,55.6,9.6,8.0,.490,18.6,27.1,.266
86,East Tennessee State,25,13,12,.520,2.10,0.75,,8,7,,8,4,,3,5,,1736,1654,,67.6,97.4,.313,.450,.525,47.8,56.0,9.5,9.2,.495,17.9,25.7,.217
87,Eastern Illinois,27,9,18,.333,-12.07,-6.55,,6,14,,5,7,,4,11,,1874,2023,,70.2,105.3,.310,.373,.551,51.1,55.4,10.4,7.6,.519,16.4,29.5,.226
88,Eastern Kentucky,29,22,7,.759,-2.05,-7.61,,15,5,,10,2,,9,4,,2372,2137,,76.1,95.1,.315,.357,.536,52.5,57.4,8.0,6.9,.502,21.8,29.6,.228
89,Eastern Michigan,18,6,12,.333,-12.98,0.02,,3,11,,5,4,,1,8,,1267,1362,,71.4,106.0,.254,.430,.575,53.3,63.2,8.4,6.2,.559,19.0,29.3,.171
90,Eastern Washington,20,13,7,.650,2.22,-4.62,,12,3,,7,2,,6,5,,1586,1432,,72.3,99.0,.282,.356,.511,50.1,45.6,7.5,6.5,.477,14.8,26.7,.205
91,Elon,18,10,8,.556,-4.36,-3.83,,4,7,,4,2,,3,6,,1193,1172,,67.1,96.9,.414,.414,.523,48.8,43.5,9.7,10.5,.490,16.5,21.4,.270
92,Evansville,25,9,16,.360,-4.42,0.42,,7,11,,8,4,,1,10,,1619,1740,,62.4,110.0,.343,.292,.596,54.4,43.4,8.2,8.5,.574,16.5,24.1,.239
93,Fairfield,23,7,16,.304,-12.14,-5.70,,7,11,,4,8,,3,8,,1427,1575,,65.9,103.4,.312,.339,.534,49.1,50.1,8.9,9.2,.510,14.4,25.6,.207
94,Fairleigh Dickinson,24,9,15,.375,-8.36,-4.65,,8,10,,4,6,,5,9,,1801,1890,,71.9,108.3,.339,.385,.557,52.2,58.4,9.6,8.7,.530,16.6,33.1,.234
95,Florida A&M,19,8,11,.421,-11.52,-8.68,,7,5,,4,1,,4,10,,1239,1293,,70.5,96.5,.323,.360,.505,50.0,48.4,10.4,6.0,.478,18.1,31.9,.208
96,Florida Atlantic,21,12,9,.571,-2.37,-5.60,,7,5,,7,1,,4,7,,1651,1392,,70.7,93.2,.343,.368,.509,44.2,44.9,7.8,7.0,.474,18.1,22.9,.236
97,Florida Gulf Coast,18,10,8,.556,-9.38,-6.88,,4,4,,7,4,,2,2,,1292,1242,,72.5,95.2,.255,.374,.506,49.1,46.2,9.8,10.0,.479,17.5,27.9,.175
98,Florida International,26,9,17,.346,-10.81,-2.86,,2,15,,7,8,,2,9,,1914,1985,,72.8,103.4,.329,.317,.559,54.0,46.2,9.5,9.1,.529,19.5,32.4,.235
99,Florida State,20,15,5,.750,18.60,9.05,,11,4,,12,1,,3,4,,1592,1401,,70.3,98.4,.358,.409,.516,46.8,50.0,9.5,7.2,.469,17.5,30.4,.269
100,Florida,21,13,8,.619,15.70,10.89,,9,7,,6,3,,5,5,,1566,1465,,71.1,98.2,.357,.341,.510,49.3,50.7,10.7,8.4,.473,17.9,31.8,.248
101,Fordham,14,2,12,.143,-10.44,4.35,,2,11,,2,5,,0,6,,725,932,,64.2,103.7,.278,.478,.540,56.5,65.4,10.6,8.8,.515,16.7,30.4,.191
102,Fresno State,22,11,11,.500,-3.45,0.45,,9,11,,7,5,,4,6,,1444,1469,,66.3,100.1,.311,.377,.532,47.8,46.5,10.1,9.7,.495,17.2,26.1,.230
103,Furman,25,16,9,.640,6.57,-1.12,,10,5,,11,1,,5,7,,1990,1723,,70.9,96.8,.294,.388,.525,48.4,51.3,10.1,8.7,.504,18.4,25.8,.189
104,Gardner-Webb,26,11,15,.423,-3.15,-5.42,,10,10,,7,4,,4,11,,1837,1778,,67.0,102.1,.365,.407,.528,50.5,55.9,8.2,10.0,.486,15.9,28.1,.267
105,George Mason,22,13,9,.591,2.96,1.53,,8,6,,7,3,,3,4,,1569,1538,,69.2,98.2,.282,.358,.532,48.1,44.3,9.2,6.6,.501,17.7,24.3,.204
106,George Washington,17,5,12,.294,-4.58,-0.41,,3,5,,3,6,,1,5,,1158,1229,,68.9,104.2,.250,.365,.531,50.7,54.4,10.3,10.0,.510,14.6,28.5,.168
107,Georgetown,21,9,12,.429,8.92,10.64,,7,9,,7,6,,2,6,,1505,1541,,71.0,102.7,.268,.387,.518,47.0,57.4,11.6,8.3,.489,13.9,27.6,.190
108,Georgia Southern,26,13,13,.500,-9.54,-5.58,,7,9,,9,4,,4,8,,1860,1762,,68.4,96.3,.305,.391,.524,48.1,44.1,10.2,7.8,.492,19.6,28.2,.216
109,Georgia State,22,16,6,.727,-1.01,-3.91,,8,4,,9,1,,5,4,,1767,1599,,71.2,99.9,.327,.408,.516,49.6,48.4,8.6,7.1,.482,17.3,31.5,.228
110,Georgia Tech,23,15,8,.652,14.03,8.42,,11,6,,11,3,,4,5,,1738,1609,,68.1,100.0,.281,.349,.544,52.6,55.3,8.1,7.5,.518,19.3,29.4,.198
111,Georgia,25,14,11,.560,7.19,8.52,,7,11,,12,5,,2,6,,1944,1954,,76.0,102.4,.310,.375,.550,49.0,48.2,11.3,10.7,.522,19.1,31.3,.218
112,Gonzaga,25,25,0,1.000,26.60,3.08,,15,0,,12,0,,7,0,,2307,1719,,75.5,91.0,.265,.342,.501,44.5,44.8,8.1,6.9,.471,18.5,23.5,.187
113,Grambling,22,11,11,.500,-14.64,-13.02,,9,6,,6,4,,5,7,,1482,1507,,72.6,94.4,.371,.385,.499,51.7,64.6,10.2,12.2,.465,18.0,30.1,.243
114,Grand Canyon,21,15,6,.714,2.08,-5.70,,9,3,,10,3,,5,1,,1583,1302,,68.7,90.3,.291,.411,.480,43.6,46.8,8.5,5.3,.443,15.7,21.8,.207
115,Green Bay,25,8,17,.320,-9.01,-4.09,,8,12,,6,6,,2,11,,1790,1913,,67.7,109.8,.319,.343,.566,52.4,44.9,8.1,6.7,.535,14.8,29.0,.232
116,Hampton,25,11,14,.440,-12.99,-8.59,,9,9,,5,7,,6,7,,1721,1831,,70.1,104.5,.354,.378,.527,54.0,49.9,9.2,7.7,.492,15.3,31.7,.247
117,Hartford,22,14,8,.636,-3.32,-5.42,,8,6,,9,1,,5,6,,1451,1405,,66.4,96.2,.255,.400,.506,51.1,49.0,8.2,10.6,.482,17.7,28.8,.169
118,Harvard,0,0,0,,,,,0,0,,0,0,,0,0,,,,,,,,,,,,,,,,,
119,Hawaii,20,11,9,.550,-4.13,-4.40,,9,9,,7,5,,4,4,,1451,1390,,68.5,99.6,.289,.299,.527,47.1,40.4,9.9,7.8,.494,15.7,24.7,.211
120,High Point,24,9,15,.375,-10.05,-6.84,,6,11,,5,5,,4,10,,1600,1677,,67.4,103.1,.341,.449,.550,49.0,58.2,9.2,10.6,.524,17.7,28.2,.232
121,Hofstra,23,13,10,.565,-1.82,-1.99,,8,6,,7,3,,5,6,,1683,1679,,68.9,105.4,.258,.381,.541,50.0,60.4,8.5,8.8,.511,15.1,28.9,.192
122,Holy Cross,16,5,11,.313,-0.12,5.31,,5,11,,2,7,,3,4,,1130,1217,,69.8,108.1,.352,.330,.558,53.1,47.5,9.9,8.0,.526,16.0,31.5,.252
123,Houston Baptist,23,5,18,.217,-16.97,-4.88,,4,11,,4,6,,1,12,,1644,1877,,74.6,108.8,.281,.389,.567,53.2,54.2,12.4,9.0,.541,16.6,31.9,.203
124,Houston,24,21,3,.875,21.82,4.26,,14,3,,15,0,,5,3,,1852,1382,,66.9,86.1,.425,.378,.470,43.8,51.7,7.5,6.5,.422,19.9,27.0,.285
125,Howard,5,1,4,.200,-13.70,-1.95,,0,0,,1,1,,0,0,,363,424,,73.1,115.8,.303,.411,.556,52.8,62.8,11.2,9.4,.542,10.4,30.6,.189
126,Idaho State,23,13,10,.565,-9.21,-6.82,,8,6,,8,3,,5,5,,1574,1410,,66.3,91.5,.310,.320,.491,44.7,45.5,10.9,5.8,.459,17.1,24.1,.209
127,Idaho,21,1,20,.048,-19.92,-4.01,,1,17,,1,9,,0,11,,1279,1613,,67.3,112.7,.351,.366,.581,53.6,49.0,13.1,9.0,.547,15.1,30.1,.262
128,Illinois-Chicago,22,9,13,.409,-10.99,-6.35,,6,10,,7,4,,2,9,,1489,1591,,69.6,102.7,.339,.267,.514,51.6,44.5,9.1,7.3,.480,12.4,27.3,.233
129,Illinois State,25,7,18,.280,-4.99,0.84,,4,14,,3,8,,3,9,,1799,1870,,70.7,104.2,.257,.415,.539,50.5,57.5,9.8,6.8,.512,14.7,26.1,.186
130,Illinois,26,20,6,.769,24.28,12.09,,16,4,,11,2,,9,3,,2098,1781,,71.5,94.9,.299,.330,.495,43.0,44.0,9.2,9.6,.464,14.6,22.7,.202
131,Incarnate Word,21,8,13,.381,-15.45,-8.12,,5,9,,5,7,,3,6,,1427,1498,,68.1,104.2,.317,.328,.538,53.1,53.1,9.6,9.4,.511,16.2,30.9,.216
132,Indiana State,25,15,10,.600,2.49,2.37,,11,7,,9,3,,5,6,,1662,1645,,66.8,98.6,.273,.380,.540,51.1,54.7,7.7,7.4,.515,19.4,26.5,.191
133,Indiana,26,12,14,.462,14.54,13.77,,7,12,,6,6,,3,7,,1832,1812,,67.3,100.2,.343,.375,.527,50.9,48.0,8.6,9.6,.490,15.6,27.1,.245
134,Iona,13,8,5,.615,-2.00,-7.00,,6,3,,4,2,,4,3,,971,906,,71.3,97.7,.482,.360,.523,47.0,54.5,10.9,7.6,.471,17.5,27.8,.343
135,Iowa State,23,2,21,.087,-0.62,10.73,,0,18,,2,10,,0,11,,1501,1762,,70.4,108.8,.361,.344,.556,54.8,48.7,11.5,8.9,.518,15.8,33.4,.267
136,Iowa,27,20,7,.741,23.85,10.92,,14,6,,14,2,,6,4,,2296,1947,,71.0,101.1,.227,.406,.505,47.8,59.7,7.5,7.6,.483,14.0,28.9,.152
137,Purdue-Fort Wayne,23,8,15,.348,-11.02,-7.50,,6,14,,5,6,,3,9,,1728,1809,,69.4,109.1,.304,.393,.558,50.7,50.0,10.8,7.2,.525,14.8,30.8,.227
138,IUPUI,18,8,10,.444,-10.58,-5.97,,7,9,,4,5,,4,5,,1281,1364,,72.7,104.3,.351,.347,.563,51.4,47.1,9.3,5.8,.527,16.9,25.3,.258
139,Jackson State,16,11,5,.688,-11.34,-13.90,,11,0,,6,0,,5,5,,1026,985,,70.7,86.4,.405,.277,.478,48.5,44.8,9.5,8.3,.432,19.6,26.0,.275
140,Jacksonville State,27,18,9,.667,-2.50,-5.54,,13,6,,8,3,,7,5,,2005,1851,,68.0,99.5,.251,.418,.504,46.6,52.2,8.9,7.6,.479,14.3,27.7,.169
141,Jacksonville,24,11,13,.458,-10.86,-6.45,,5,9,,7,5,,4,8,,1622,1668,,69.5,99.4,.264,.394,.529,52.0,50.7,9.1,7.7,.504,18.2,28.9,.183
142,James Madison,20,13,7,.650,0.62,-2.44,,8,2,,10,3,,3,3,,1562,1409,,72.4,97.3,.321,.464,.525,49.8,55.2,8.2,9.0,.485,19.3,28.7,.239
143,Kansas State,27,8,19,.296,-0.41,9.09,,4,14,,6,12,,2,7,,1653,1913,,66.5,106.5,.320,.407,.568,50.1,54.9,11.7,9.6,.536,17.1,27.7,.237
144,Kansas,27,19,8,.704,16.66,10.35,,12,6,,13,1,,4,6,,1978,1779,,69.6,94.3,.265,.378,.498,47.3,47.0,8.9,7.4,.465,17.2,26.7,.191
145,Kennesaw State,24,5,19,.208,-13.75,-3.27,,1,13,,4,9,,0,9,,1571,1672,,69.7,99.9,.328,.334,.539,50.0,41.3,9.9,7.0,.505,16.5,23.6,.237
146,Kent State,22,15,7,.682,3.87,-0.99,,12,6,,9,2,,6,5,,1701,1550,,70.9,98.8,.274,.399,.514,46.0,50.3,9.3,7.2,.484,15.9,27.8,.194
147,Kentucky,24,9,15,.375,12.81,12.47,,8,9,,5,6,,4,7,,1688,1680,,70.1,98.8,.301,.348,.503,48.3,48.7,8.9,9.1,.464,15.4,30.2,.223
148,La Salle,25,9,16,.360,-2.20,4.21,,6,11,,6,3,,3,11,,1702,1838,,69.7,105.0,.354,.377,.555,51.5,56.9,10.3,8.2,.517,17.1,29.0,.263
149,Lafayette,15,9,6,.600,-1.78,-2.78,,9,5,,6,3,,3,3,,1165,1150,,70.2,105.7,.337,.301,.539,52.7,47.9,7.0,7.9,.509,14.0,28.5,.233
150,Lamar,25,8,17,.320,-13.53,-6.65,,7,10,,5,5,,3,11,,1640,1812,,69.9,102.7,.286,.360,.547,50.9,56.6,9.5,8.0,.525,17.6,27.8,.193
151,Lehigh,15,4,11,.267,-9.03,-0.76,,4,10,,1,5,,3,6,,1025,1149,,71.3,106.5,.328,.345,.566,50.6,51.5,9.8,7.3,.532,15.2,23.8,.243
152,Liberty,28,23,5,.821,4.62,-6.38,,11,2,,13,0,,5,3,,2097,1670,,64.5,92.4,.272,.361,.496,47.0,42.4,8.1,7.1,.466,16.3,20.9,.188
153,Lipscomb,27,15,12,.556,-6.77,-5.33,,9,6,,10,4,,4,7,,1922,1848,,68.4,99.7,.212,.427,.523,50.4,49.4,8.6,8.9,.501,16.4,26.5,.149
154,Cal State Long Beach,16,5,11,.313,-11.51,-4.26,,4,8,,4,3,,1,8,,1156,1272,,73.7,104.6,.344,.378,.533,53.8,50.4,10.0,8.0,.502,15.3,31.7,.235
155,Long Island University,18,9,9,.500,-5.72,-6.77,,9,9,,6,3,,3,6,,1332,1313,,74.5,97.9,.284,.351,.528,48.9,52.2,8.9,7.6,.499,18.4,28.5,.201
156,Longwood,28,12,16,.429,-7.19,-6.12,,10,10,,8,5,,4,11,,1854,1886,,66.2,101.7,.334,.449,.551,49.9,48.8,9.5,9.9,.518,18.3,26.7,.240
157,Louisiana,26,17,9,.654,-4.55,-5.21,,10,7,,10,3,,6,4,,1934,1892,,72.1,99.9,.294,.314,.514,46.5,52.8,9.4,7.6,.476,14.6,27.3,.220
158,Louisiana-Monroe,26,7,19,.269,-10.36,-5.67,,5,13,,5,8,,2,10,,1670,1792,,67.7,101.4,.340,.365,.539,55.1,52.4,9.6,8.5,.504,18.4,31.9,.244
159,Louisiana State,24,16,8,.667,15.50,8.25,,11,6,,11,2,,4,6,,1984,1810,,73.2,102.5,.302,.449,.519,49.4,51.4,8.3,8.3,.486,15.8,31.8,.215
160,Louisiana Tech,26,20,6,.769,6.95,-1.69,,12,4,,15,1,,5,5,,1936,1687,,71.2,91.1,.259,.383,.488,47.4,48.4,8.6,8.4,.456,16.9,23.6,.184
161,Louisville,19,13,6,.684,11.95,9.69,,8,5,,9,2,,4,4,,1303,1260,,66.1,99.7,.295,.414,.510,46.3,50.2,8.8,9.1,.483,14.6,25.8,.197
162,Loyola (IL),28,24,4,.857,14.82,0.13,,16,2,,13,0,,8,3,,2002,1555,,63.9,86.2,.220,.336,.487,45.9,44.5,7.9,8.2,.461,19.6,20.4,.154
163,Loyola Marymount,22,13,9,.591,4.57,3.07,,7,5,,8,3,,4,5,,1529,1496,,67.8,99.7,.348,.366,.544,43.7,54.6,10.0,9.8,.508,15.8,20.4,.250
164,Loyola (MD),15,5,10,.333,0.48,-1.45,,4,10,,3,4,,2,6,,1087,1058,,68.7,97.7,.345,.369,.526,47.8,51.6,11.4,8.1,.487,18.0,26.5,.251
165,Maine,9,2,7,.222,-14.75,-3.31,,2,6,,1,1,,1,6,,478,581,,65.4,98.6,.310,.390,.520,53.2,51.4,12.6,7.6,.488,17.9,30.3,.218
166,Manhattan,19,7,12,.368,-11.33,-7.33,,6,12,,4,6,,3,6,,1210,1286,,68.0,97.0,.464,.331,.530,50.6,56.1,8.6,11.5,.483,19.6,29.3,.327
167,Marist,20,12,8,.600,-7.77,-7.82,,10,8,,6,3,,6,5,,1270,1269,,66.7,93.9,.313,.433,.494,49.6,54.6,10.0,8.7,.459,16.0,24.9,.216
168,Marquette,26,13,13,.500,10.05,9.39,,8,11,,7,7,,6,6,,1834,1817,,68.3,101.7,.298,.373,.514,47.8,55.0,10.5,9.4,.479,13.7,27.9,.216
169,Marshall,21,15,6,.714,6.75,-1.16,,9,5,,9,3,,6,3,,1690,1524,,73.3,98.4,.275,.354,.519,51.3,44.3,9.7,7.3,.497,17.3,28.5,.181
170,Maryland-Baltimore County,20,14,6,.700,-0.24,-4.89,,10,4,,5,4,,9,2,,1391,1298,,68.7,94.5,.256,.411,.496,48.2,45.8,7.8,8.1,.464,15.8,24.3,.183
171,Maryland-Eastern Shore,0,0,0,,,,,0,0,,0,0,,0,0,,,,,,,,,,,,,,,,,
172,Maryland,27,15,12,.556,15.47,12.74,,9,11,,11,6,,4,6,,1861,1748,,66.2,97.9,.262,.423,.507,50.0,51.3,8.6,8.8,.476,14.7,23.8,.189
173,Massachusetts-Lowell,22,11,11,.500,-4.72,-2.81,,7,8,,3,4,,6,5,,1525,1567,,69.3,102.8,.392,.365,.529,48.8,42.4,8.7,7.3,.488,14.5,26.9,.279
174,Massachusetts,15,8,7,.533,6.01,2.28,,6,4,,4,3,,3,3,,1151,1095,,72.3,98.5,.334,.302,.537,51.8,57.1,9.4,10.3,.509,17.8,25.6,.226
175,McNeese State,23,10,13,.435,-18.02,-10.90,,4,11,,7,5,,3,8,,1859,1651,,73.4,97.8,.285,.356,.537,46.5,53.5,9.9,8.9,.515,18.8,25.2,.188
176,Memphis,22,15,7,.682,12.63,2.85,,11,4,,10,1,,4,3,,1586,1371,,72.8,85.6,.356,.384,.476,45.1,51.0,8.5,7.5,.436,20.0,24.5,.242
177,Mercer,29,18,11,.621,1.87,-1.02,,8,9,,9,4,,6,6,,2225,2082,,70.1,100.7,.259,.385,.525,48.0,45.3,8.8,6.9,.499,15.0,24.6,.183
178,Merrimack,18,9,9,.500,-7.02,-6.63,,9,9,,6,3,,3,6,,1193,1200,,68.0,97.4,.330,.335,.515,54.7,57.9,9.8,7.2,.480,18.8,31.6,.232
179,Miami (FL),24,8,16,.333,3.35,8.64,,4,15,,7,8,,1,8,,1582,1709,,68.2,103.8,.198,.411,.542,49.8,56.4,10.4,10.9,.522,15.6,26.3,.143
180,Miami (OH),22,12,10,.545,-1.44,-2.01,,9,8,,7,4,,5,6,,1600,1573,,67.5,105.4,.262,.413,.545,50.1,52.2,8.1,10.4,.520,15.6,28.1,.186
181,Michigan State,26,15,11,.577,11.59,12.74,,9,11,,12,3,,3,8,,1807,1837,,69.1,102.3,.367,.339,.520,47.7,54.3,9.5,8.1,.480,13.5,26.0,.262
182,Michigan,22,19,3,.864,23.65,12.33,,14,3,,13,1,,6,2,,1684,1435,,68.1,95.3,.249,.319,.479,45.3,41.0,7.6,6.6,.441,13.1,24.8,.188
183,Middle Tennessee,22,5,17,.227,-10.34,-0.82,,3,13,,5,6,,0,9,,1370,1551,,70.2,100.5,.296,.340,.549,51.7,48.6,10.8,9.5,.521,18.0,25.3,.211
184,Milwaukee,22,10,12,.455,-6.67,-5.94,,7,10,,4,5,,6,6,,1662,1678,,71.1,104.9,.350,.394,.559,51.9,55.5,7.1,7.2,.526,16.5,26.6,.250
185,Minnesota,27,13,14,.481,12.06,12.83,,6,14,,13,4,,0,10,,1977,1998,,70.5,103.5,.343,.321,.534,52.3,56.6,7.3,7.3,.501,16.3,32.2,.241
186,Mississippi State,27,14,13,.519,9.96,6.21,,8,10,,9,6,,5,4,,1875,1774,,67.1,96.2,.245,.406,.500,45.2,57.6,9.9,8.8,.464,15.8,27.5,.188
187,Mississippi Valley State,23,2,21,.087,-38.51,-7.82,,2,13,,1,5,,1,16,,1300,2006,,73.8,118.1,.327,.364,.571,59.5,57.3,12.7,9.4,.547,12.6,35.7,.224
188,Mississippi,25,15,10,.600,11.97,6.37,,10,8,,10,4,,5,6,,1717,1577,,67.3,93.3,.332,.378,.522,46.7,59.3,9.9,8.3,.491,20.9,26.7,.228
189,Missouri-Kansas City,24,11,13,.458,-5.28,-3.03,,7,7,,8,3,,2,8,,1683,1502,,66.5,94.1,.516,.374,.539,49.7,53.5,8.0,8.4,.494,21.4,24.0,.356
190,Missouri State,24,17,7,.708,5.50,0.32,,12,6,,9,4,,7,2,,1762,1594,,68.7,96.7,.275,.355,.497,46.4,43.0,8.2,7.3,.468,13.3,22.1,.189
191,Missouri,23,15,8,.652,13.21,11.21,,8,8,,8,4,,6,4,,1704,1658,,70.2,101.5,.367,.335,.524,49.8,43.8,8.9,11.3,.484,15.6,29.5,.262
192,Monmouth,19,12,7,.632,-3.66,-6.50,,12,6,,7,2,,5,5,,1461,1407,,74.7,97.2,.381,.408,.519,50.9,56.2,8.8,10.8,.482,18.2,28.3,.263
193,Montana State,20,11,9,.550,-7.54,-6.32,,8,6,,5,3,,6,6,,1497,1450,,70.1,102.2,.377,.393,.553,49.6,45.3,8.7,7.2,.506,17.3,25.0,.291
194,Montana,25,13,12,.520,-3.84,-2.34,,7,9,,8,4,,5,8,,1782,1659,,67.7,96.5,.372,.334,.506,49.2,49.0,8.5,7.3,.472,15.9,26.6,.248
195,Morehead State,30,23,7,.767,-0.26,-4.37,,17,3,,12,1,,8,5,,2065,1902,,67.2,93.6,.231,.415,.492,45.2,49.7,11.4,9.0,.468,16.0,24.4,.156
196,Morgan State,19,12,7,.632,-6.38,-11.00,,7,5,,5,5,,7,2,,1533,1399,,75.8,97.1,.428,.417,.533,48.0,47.3,9.6,9.2,.487,20.4,30.1,.309
197,Mount St. Mary's,21,11,10,.524,-3.83,-5.07,,9,7,,6,3,,5,6,,1329,1303,,63.6,96.4,.250,.325,.494,46.3,42.0,10.7,8.1,.455,14.6,25.0,.195
198,Murray State,26,13,13,.500,-2.30,-7.63,,10,10,,9,4,,4,8,,1986,1739,,69.4,96.0,.301,.409,.515,47.0,47.1,7.5,10.8,.485,17.1,24.5,.207
199,Navy,18,15,3,.833,4.00,-0.50,,12,1,,8,2,,6,1,,1287,1206,,67.2,98.3,.325,.388,.550,47.4,53.7,9.0,9.1,.524,20.0,25.0,.221
200,Omaha,25,5,20,.200,-13.13,-2.49,,3,11,,1,5,,3,12,,1683,1949,,72.2,108.0,.311,.363,.566,52.5,49.6,8.8,6.4,.535,15.0,26.6,.229
201,Nebraska,26,7,19,.269,7.23,13.43,,3,16,,6,9,,1,10,,1823,1932,,73.0,101.3,.275,.457,.525,52.0,54.1,9.1,10.8,.496,15.7,27.8,.196
202,Nevada-Las Vegas,25,11,14,.440,-1.68,1.32,,8,10,,8,4,,3,7,,1742,1696,,66.7,101.7,.340,.443,.538,47.4,59.3,7.3,8.1,.501,16.0,24.7,.248
203,Nevada,24,15,9,.625,4.67,1.11,,8,7,,10,2,,2,7,,1757,1653,,69.9,98.5,.387,.446,.519,49.3,60.9,9.2,7.5,.476,16.0,24.7,.278
204,New Hampshire,19,10,9,.526,-7.15,-5.65,,9,6,,5,6,,5,3,,1278,1266,,67.7,97.8,.382,.351,.530,48.5,41.9,7.8,9.5,.490,16.6,21.7,.273
205,New Mexico State,17,10,7,.588,-2.77,-6.49,,7,6,,4,2,,5,5,,1211,1086,,66.4,96.1,.318,.366,.532,44.8,52.6,7.3,6.9,.499,17.9,22.6,.227
206,New Mexico,21,6,15,.286,-12.45,-1.66,,1,8,,0,0,,3,8,,1359,1493,,68.7,102.3,.314,.422,.537,47.4,57.4,11.5,6.9,.510,16.5,28.1,.215
207,New Orleans,23,9,14,.391,-10.88,-8.97,,8,7,,6,3,,2,10,,1740,1765,,74.4,102.1,.363,.329,.540,50.1,48.6,10.9,9.3,.509,18.1,31.6,.247
208,Niagara,18,8,10,.444,-6.74,-6.18,,7,9,,5,3,,3,7,,1162,1172,,65.6,99.3,.313,.419,.530,53.3,62.7,7.4,9.4,.496,17.6,27.8,.226
209,Nicholls State,23,17,6,.739,-4.61,-9.43,,14,2,,8,1,,7,5,,1827,1676,,74.4,96.9,.344,.362,.524,49.5,48.5,7.2,6.6,.491,18.8,27.5,.238
210,NJIT,19,7,12,.368,-8.89,-4.84,,6,10,,3,5,,4,6,,1256,1333,,68.1,101.7,.294,.360,.549,54.3,48.8,6.7,9.3,.523,18.4,29.0,.205
211,Norfolk State,21,14,7,.667,-6.57,-9.67,,8,4,,7,4,,6,3,,1572,1470,,72.2,96.4,.405,.459,.523,49.4,55.6,7.7,9.0,.483,18.9,27.5,.281
212,North Alabama,24,13,11,.542,-9.67,-5.92,,7,8,,8,4,,3,6,,1756,1666,,71.3,96.4,.329,.423,.523,47.3,43.8,8.1,7.9,.491,17.6,23.4,.227
213,North Carolina-Asheville,20,10,10,.500,-6.28,-6.88,,9,5,,6,4,,4,6,,1468,1456,,69.9,102.2,.323,.310,.530,52.8,44.8,9.2,11.6,.497,16.9,33.2,.227
214,North Carolina A&T,21,11,10,.524,-13.51,-7.30,,7,1,,5,4,,5,6,,1517,1523,,74.3,97.0,.298,.386,.528,53.6,60.0,7.8,10.0,.502,21.4,33.5,.200
215,North Carolina Central,13,5,8,.385,-13.49,-8.07,,3,5,,4,2,,0,6,,884,916,,69.8,100.0,.381,.345,.544,53.1,57.5,9.3,8.7,.505,19.5,30.5,.275
216,North Carolina-Greensboro,29,21,8,.724,3.94,-2.24,,13,5,,7,3,,10,3,,2135,1956,,70.5,95.2,.364,.421,.520,48.0,49.5,7.0,6.7,.481,18.6,25.3,.257
217,North Carolina State,22,13,9,.591,11.12,7.08,,9,8,,7,4,,5,5,,1616,1527,,68.7,100.5,.299,.340,.538,51.3,50.1,8.9,9.3,.507,19.4,32.2,.215
218,North Carolina-Wilmington,17,7,10,.412,-6.13,-5.76,,1,6,,3,4,,3,4,,1297,1253,,70.7,103.6,.314,.296,.552,52.5,41.0,7.4,8.3,.516,17.4,30.3,.237
219,North Carolina,25,16,9,.640,15.04,9.88,,10,6,,10,1,,3,7,,1871,1742,,72.0,96.8,.266,.388,.516,42.9,51.3,12.3,10.0,.489,16.9,26.0,.184
220,North Dakota State,26,15,11,.577,-0.93,-3.20,,11,5,,6,2,,5,7,,1811,1752,,66.4,101.0,.262,.363,.527,45.0,47.8,7.6,7.4,.500,12.6,19.7,.185
221,North Dakota,26,9,17,.346,-10.80,-3.80,,8,8,,5,3,,3,11,,1787,1969,,69.0,108.2,.304,.319,.566,52.4,46.7,9.2,9.9,.532,15.1,26.5,.232
222,North Florida,23,8,15,.348,-11.03,-4.18,,6,6,,5,3,,3,10,,1601,1725,,68.6,109.3,.317,.298,.534,53.1,55.6,11.6,10.4,.497,13.4,34.5,.233
223,North Texas,22,13,9,.591,7.36,-0.02,,9,5,,8,3,,5,6,,1563,1376,,66.8,93.7,.313,.342,.510,47.6,40.4,10.1,7.8,.475,19.0,25.7,.222
224,Northeastern,19,10,9,.526,-0.29,0.81,,8,2,,5,1,,4,7,,1277,1298,,68.4,99.2,.293,.315,.514,52.0,45.9,9.9,7.0,.483,15.1,26.3,.205
225,Northern Arizona,20,5,15,.250,-15.21,-2.46,,4,10,,1,7,,4,7,,1253,1508,,64.9,115.5,.325,.430,.619,54.3,56.6,7.9,8.9,.597,16.2,27.7,.235
226,Northern Colorado,20,10,10,.500,-8.04,-5.34,,6,8,,6,5,,4,5,,1378,1345,,69.1,96.8,.317,.236,.514,48.3,36.6,9.0,8.5,.472,14.4,20.7,.237
227,Northern Illinois,19,3,16,.158,-16.73,-1.63,,2,12,,2,7,,1,9,,1184,1471,,67.4,114.1,.338,.414,.578,50.7,58.7,8.9,7.1,.547,14.6,31.3,.248
228,Northern Iowa,25,10,15,.400,-1.45,2.73,,7,11,,6,5,,3,7,,1738,1779,,68.9,102.3,.262,.424,.551,48.4,52.5,10.5,8.0,.523,15.8,21.1,.193
229,Northern Kentucky,25,14,11,.560,-5.64,-5.76,,11,7,,9,4,,5,6,,1784,1781,,66.2,106.0,.325,.373,.543,49.2,53.8,9.1,6.1,.517,16.2,32.7,.219
230,Northwestern State,27,10,17,.370,-13.39,-4.54,,9,7,,6,4,,4,12,,1948,2145,,73.1,107.6,.331,.351,.553,52.9,55.2,9.9,7.7,.529,15.8,32.1,.223
231,Northwestern,23,9,14,.391,11.31,13.22,,6,13,,7,6,,2,8,,1640,1630,,69.3,101.1,.320,.427,.536,51.6,61.1,8.4,9.2,.502,16.1,25.4,.232
232,Notre Dame,24,10,14,.417,10.45,10.62,,7,11,,6,5,,4,8,,1751,1755,,67.3,108.6,.195,.360,.528,51.7,48.7,9.0,11.2,.507,11.0,28.0,.141
233,Oakland,29,12,17,.414,-7.88,-1.50,,10,10,,5,4,,6,11,,2171,2356,,70.5,111.4,.216,.435,.572,52.6,69.1,8.6,9.8,.555,16.4,33.9,.152
234,Ohio State,26,18,8,.692,19.96,13.04,,12,8,,10,4,,7,4,,1998,1818,,67.5,103.6,.331,.380,.527,47.8,55.0,6.8,6.8,.493,13.7,26.6,.233
235,Ohio,20,13,7,.650,3.93,-1.91,,9,5,,8,3,,4,4,,1604,1473,,72.0,102.3,.296,.394,.553,49.3,55.4,8.1,6.5,.519,17.8,26.4,.224
236,Oklahoma State,25,18,7,.720,13.62,9.22,,11,7,,10,3,,8,4,,1917,1807,,72.5,97.3,.307,.375,.504,47.7,49.6,11.1,10.6,.470,16.7,29.6,.215
237,Oklahoma,23,14,9,.609,14.34,8.30,,9,8,,10,3,,4,6,,1728,1589,,69.1,98.3,.237,.380,.516,50.2,46.8,7.5,8.6,.488,16.6,27.8,.173
238,Old Dominion,22,15,7,.682,-0.83,-0.88,,11,5,,9,1,,6,6,,1516,1495,,68.6,98.5,.295,.431,.524,48.4,55.5,9.3,8.3,.496,17.0,25.0,.205
239,Oral Roberts,25,15,10,.600,-0.68,-2.45,,10,5,,8,3,,5,7,,2051,1898,,73.7,102.9,.325,.327,.523,52.5,43.4,7.7,8.9,.490,15.6,31.1,.226
240,Oregon State,26,14,12,.538,6.25,7.09,,10,10,,10,6,,4,6,,1821,1770,,66.3,102.1,.377,.377,.540,49.7,54.5,7.6,7.4,.498,16.8,28.0,.276
241,Oregon,24,19,5,.792,14.01,6.76,,14,4,,11,2,,7,2,,1779,1605,,67.8,98.6,.270,.390,.532,48.9,53.9,7.1,7.6,.497,18.0,27.1,.206
242,Pacific,18,9,9,.500,1.66,4.25,,6,7,,6,2,,3,6,,1256,1272,,69.1,100.2,.323,.417,.542,48.3,50.2,6.5,6.6,.508,16.4,23.3,.235
243,Penn State,23,10,13,.435,14.94,15.54,,7,12,,7,5,,3,8,,1670,1684,,69.8,103.8,.345,.375,.563,48.9,55.2,7.8,11.7,.531,17.9,25.3,.249
244,Pennsylvania,0,0,0,,,,,0,0,,0,0,,0,0,,,,,,,,,,,,,,,,,
245,Pepperdine,24,12,12,.500,3.78,5.23,,7,6,,7,5,,3,5,,1830,1790,,72.3,101.1,.342,.377,.530,50.9,52.1,9.3,5.1,.491,16.0,27.3,.250
246,Pittsburgh,21,10,11,.476,9.42,8.04,,6,10,,7,6,,3,5,,1493,1464,,68.5,101.7,.325,.409,.533,46.2,64.0,8.5,11.1,.501,15.8,25.9,.229
247,Portland State,21,9,12,.429,-6.56,-5.44,,6,8,,7,6,,2,6,,1446,1386,,70.4,93.1,.412,.335,.530,47.7,54.4,8.1,7.7,.489,20.7,23.3,.290
248,Portland,21,6,15,.286,-13.93,3.74,,0,11,,5,8,,1,6,,1459,1748,,73.0,113.3,.226,.414,.600,57.6,61.3,8.9,12.4,.580,17.0,31.6,.169
249,Prairie View,18,14,4,.778,-7.41,-14.52,,13,0,,8,0,,5,3,,1270,1142,,70.6,89.9,.474,.340,.507,50.7,51.0,10.1,8.5,.478,23.2,31.3,.286
250,Presbyterian,22,7,15,.318,-13.28,-8.32,,5,12,,5,6,,2,9,,1411,1476,,66.8,99.9,.420,.361,.556,48.8,50.2,10.6,10.4,.520,20.0,27.3,.295
251,Princeton,0,0,0,,,,,0,0,,0,0,,0,0,,,,,,,,,,,,,,,,,
252,Providence,25,13,12,.520,10.65,10.21,,9,10,,8,3,,4,7,,1754,1743,,67.1,101.9,.295,.339,.517,50.2,49.6,9.2,8.5,.485,14.4,29.7,.208
253,Purdue,26,18,8,.692,17.83,12.49,,13,6,,11,1,,5,6,,1842,1703,,66.9,97.9,.305,.457,.512,45.2,60.3,8.3,9.9,.483,15.1,23.6,.203
254,Quinnipiac,21,9,12,.429,-7.36,-6.93,,7,10,,8,5,,1,5,,1437,1446,,72.1,93.8,.327,.355,.481,52.0,51.5,9.8,12.2,.439,14.8,27.5,.232
255,Radford,27,15,12,.556,-5.53,-5.93,,12,6,,9,5,,6,6,,1826,1745,,64.7,98.0,.244,.402,.521,44.1,49.5,9.5,8.0,.492,16.5,24.2,.178
256,Rhode Island,25,10,15,.400,6.22,5.86,,7,10,,6,3,,2,9,,1786,1777,,70.4,99.1,.335,.377,.513,47.7,54.8,9.8,9.7,.478,15.3,26.2,.232
257,Rice,25,13,12,.520,-4.30,-1.76,,6,10,,9,3,,3,9,,1875,1869,,73.1,102.2,.225,.350,.536,48.2,52.7,10.5,11.0,.514,15.4,25.1,.158
258,Richmond,21,13,8,.619,9.67,5.67,,6,5,,6,4,,5,3,,1574,1453,,70.1,98.7,.281,.360,.543,53.6,46.2,7.5,7.3,.520,19.4,27.4,.191
259,Rider,22,6,16,.273,-11.03,-4.94,,5,13,,1,8,,4,8,,1493,1627,,69.0,106.6,.363,.404,.553,50.4,53.2,9.2,8.2,.527,14.9,26.7,.242
260,Robert Morris,19,4,15,.211,-11.96,-4.30,,3,12,,3,6,,1,9,,1374,1494,,68.5,110.4,.342,.374,.571,52.5,52.4,9.0,6.5,.540,16.6,33.4,.247
261,Rutgers,24,14,10,.583,15.52,13.19,,10,10,,10,4,,4,6,,1690,1634,,68.6,98.8,.327,.362,.514,50.4,56.1,9.7,8.3,.476,16.5,28.5,.234
262,Sacramento State,19,8,11,.421,-8.27,-4.33,,5,9,,5,3,,3,8,,1360,1352,,66.1,105.5,.317,.352,.570,50.5,51.5,6.9,5.0,.539,17.1,25.7,.235
263,Sacred Heart,18,9,9,.500,-10.22,-5.49,,9,7,,4,3,,5,6,,1265,1350,,68.0,108.1,.276,.332,.533,51.1,46.0,8.5,12.1,.507,13.1,31.7,.193
264,Saint Francis (PA),22,6,16,.273,-8.40,-3.90,,5,13,,4,6,,2,10,,1515,1614,,69.7,104.1,.294,.385,.544,50.2,49.7,9.8,9.4,.515,16.3,28.6,.211
265,Saint Joseph's,20,5,15,.250,-3.42,7.03,,3,9,,3,3,,1,9,,1443,1652,,73.0,109.7,.314,.368,.562,55.1,55.0,9.6,11.0,.536,15.0,30.7,.221
266,Saint Louis,20,14,6,.700,13.10,2.75,,6,4,,12,1,,1,4,,1507,1300,,68.5,95.0,.363,.387,.521,43.2,51.4,9.5,10.0,.480,17.7,22.0,.262
267,Saint Mary's (CA),23,14,9,.609,7.66,5.88,,4,6,,9,3,,2,3,,1475,1434,,66.0,94.5,.278,.275,.510,48.0,37.0,7.9,9.5,.477,16.9,21.9,.200
268,Saint Peter's,23,13,10,.565,-4.23,-5.66,,10,8,,8,3,,4,7,,1458,1425,,68.9,89.9,.403,.377,.487,49.2,56.2,9.8,11.7,.446,19.9,28.2,.269
269,Sam Houston State,27,19,8,.704,-2.77,-4.47,,13,3,,12,1,,7,6,,2160,1899,,75.1,93.7,.387,.378,.514,50.6,56.0,8.6,8.0,.473,20.7,31.0,.273
270,Samford,19,6,13,.316,-8.40,-1.11,,2,9,,4,5,,2,7,,1460,1510,,75.0,103.9,.383,.492,.558,47.6,59.9,10.5,7.5,.523,16.7,25.0,.272
271,San Diego State,24,20,4,.833,15.11,1.98,,14,3,,13,2,,6,2,,1786,1442,,67.4,88.7,.302,.462,.498,46.5,61.8,7.2,8.0,.462,20.3,23.3,.217
272,San Diego,14,3,11,.214,-6.49,4.37,,2,7,,0,5,,3,5,,927,1079,,72.2,105.8,.338,.316,.565,53.8,49.0,9.6,7.6,.533,16.3,25.6,.247
273,San Francisco,25,11,14,.440,5.03,2.87,,4,9,,3,5,,4,6,,1786,1732,,69.5,99.7,.400,.279,.544,51.3,46.1,8.0,10.3,.497,17.8,24.5,.299
274,San Jose State,20,5,15,.250,-16.61,1.28,,2,12,,4,6,,0,8,,1301,1599,,72.2,110.7,.267,.395,.533,56.8,51.9,8.8,10.0,.505,12.3,34.0,.190
275,Santa Clara,20,12,8,.600,-1.11,1.10,,4,5,,6,3,,4,3,,1393,1412,,72.1,97.9,.299,.362,.510,49.8,52.1,8.4,7.2,.474,15.1,24.2,.218
276,Seattle,21,11,10,.524,-6.37,-5.43,,4,5,,6,3,,3,6,,1547,1431,,70.6,95.9,.384,.361,.523,52.3,53.9,7.2,7.2,.475,19.6,29.7,.285
277,Seton Hall,25,13,12,.520,12.20,10.48,,10,9,,7,4,,6,7,,1789,1746,,67.8,101.9,.265,.346,.533,50.2,49.4,9.6,9.8,.500,16.9,30.1,.199
278,Siena,16,12,4,.750,-2.98,-8.04,,12,4,,6,2,,6,2,,1097,1016,,66.4,95.7,.236,.307,.494,47.7,40.4,9.2,8.1,.468,15.5,26.2,.163
279,South Alabama,28,17,11,.607,-5.45,-5.28,,10,7,,10,5,,6,5,,2075,1985,,68.4,102.3,.231,.516,.524,51.6,59.0,8.7,12.1,.496,17.0,32.0,.172
280,South Carolina State,18,1,17,.056,-23.87,-6.54,,1,7,,1,6,,0,11,,1102,1414,,72.5,108.3,.360,.365,.586,55.4,55.4,10.3,9.3,.554,19.7,33.4,.264
281,South Carolina Upstate,23,5,18,.217,-13.01,-4.51,,5,11,,3,8,,2,10,,1515,1712,,68.9,108.0,.361,.375,.567,53.5,52.7,10.2,8.5,.538,16.6,29.8,.252
282,South Carolina,20,6,14,.300,4.55,10.65,,4,12,,3,6,,2,7,,1464,1586,,75.9,104.5,.393,.377,.574,51.1,55.0,10.3,10.1,.532,19.6,30.8,.299
283,South Dakota State,23,16,7,.696,2.76,-2.56,,9,3,,8,1,,4,2,,1850,1690,,71.9,102.2,.257,.401,.542,46.5,48.8,8.8,8.1,.506,13.9,20.0,.204
284,South Dakota,25,14,11,.560,-1.64,-3.89,,11,4,,7,2,,5,4,,1899,1805,,70.2,102.8,.344,.396,.530,49.5,42.7,6.7,6.0,.489,14.0,24.0,.253
285,South Florida,20,8,12,.400,-0.33,6.67,,4,10,,4,6,,3,4,,1309,1432,,68.3,104.2,.328,.422,.555,47.3,59.1,9.6,9.7,.526,16.3,26.0,.231
286,Southeast Missouri State,27,11,16,.407,-9.66,-6.99,,9,11,,7,6,,3,9,,1864,1936,,68.9,101.3,.389,.357,.553,48.4,54.8,9.7,10.2,.519,17.7,23.6,.271
287,Southeastern Louisiana,24,7,17,.292,-16.89,-7.31,,5,11,,3,4,,4,13,,1641,1871,,71.6,107.3,.375,.392,.586,51.2,58.4,9.1,9.7,.550,19.1,30.0,.282
288,Southern California,27,21,6,.778,17.67,7.45,,15,5,,13,2,,7,3,,2007,1731,,67.8,93.6,.242,.353,.482,44.4,54.3,8.2,7.1,.451,15.3,27.0,.174
289,SIU Edwardsville,26,9,17,.346,-14.37,-5.45,,7,12,,2,8,,6,7,,1709,1897,,69.8,104.6,.333,.384,.544,51.6,59.0,11.4,6.6,.517,17.0,31.0,.227
290,Southern Illinois,26,12,14,.462,-3.23,1.05,,5,13,,8,5,,3,8,,1704,1770,,65.8,102.5,.236,.406,.550,53.5,56.9,9.6,10.3,.527,16.9,24.7,.170
291,Southern Methodist,15,11,4,.733,12.05,4.38,,7,4,,6,2,,5,2,,1114,999,,70.4,94.5,.340,.386,.497,48.3,57.6,9.9,10.8,.460,17.3,28.8,.235
292,Southern Mississippi,24,8,16,.333,-6.54,-1.95,,4,13,,6,7,,2,9,,1553,1607,,68.5,97.3,.292,.446,.525,49.1,52.3,10.0,5.7,.496,17.2,23.7,.205
293,Southern Utah,22,19,3,.864,0.22,-6.55,,12,2,,14,0,,5,3,,1853,1506,,73.0,93.8,.281,.389,.512,43.6,52.2,7.0,7.5,.488,17.0,21.1,.186
294,Southern,18,8,10,.444,-12.96,-12.80,,8,6,,5,2,,3,7,,1260,1263,,73.2,94.5,.408,.317,.512,48.5,47.3,10.1,10.3,.469,17.9,25.3,.283
295,St. Bonaventure,19,15,4,.789,14.94,4.73,,11,4,,8,1,,4,3,,1336,1142,,65.0,92.5,.278,.437,.480,47.1,58.5,7.9,7.8,.454,17.1,29.2,.179
296,St. Francis (NY),19,9,10,.474,-8.22,-6.38,,9,9,,4,6,,5,4,,1476,1511,,73.6,107.4,.391,.340,.566,50.6,52.1,8.2,9.2,.527,17.3,30.3,.289
297,St. John's (NY),26,16,10,.615,10.73,8.11,,10,9,,11,3,,4,6,,2063,1995,,74.3,102.3,.311,.373,.552,51.1,52.7,9.3,8.9,.528,19.2,30.0,.211
298,Stanford,26,14,12,.538,9.09,8.24,,10,10,,5,4,,6,6,,1825,1803,,69.8,97.5,.270,.400,.513,49.7,51.3,9.9,9.7,.478,17.6,28.8,.202
299,Stephen F. Austin,21,16,5,.762,-1.63,-8.47,,13,3,,10,1,,6,4,,1686,1484,,72.7,96.1,.411,.357,.547,44.6,54.4,10.4,7.5,.501,21.9,26.9,.307
300,Stetson,25,11,14,.440,-7.28,-4.46,,7,9,,7,5,,3,8,,1800,1767,,68.7,102.4,.296,.378,.549,49.2,56.9,8.4,9.3,.521,16.8,26.2,.210
301,Stony Brook,23,9,14,.391,-5.20,-3.79,,7,9,,5,5,,4,8,,1522,1509,,67.7,95.8,.295,.398,.506,48.3,54.4,9.5,7.9,.474,17.0,27.0,.206
302,Syracuse,23,15,8,.652,13.20,8.42,,9,7,,13,1,,2,7,,1738,1628,,70.3,100.1,.246,.438,.515,51.4,69.2,8.1,8.8,.485,17.7,33.1,.182
303,Tarleton State,20,10,10,.500,-8.07,-3.80,,5,7,,6,3,,4,7,,1467,1246,,69.2,90.1,.415,.462,.528,51.3,70.9,5.0,8.9,.484,24.8,28.5,.297
304,Temple,15,5,10,.333,3.33,6.40,,4,10,,3,5,,2,5,,982,1028,,67.9,100.9,.310,.389,.511,50.4,55.7,8.3,10.0,.477,14.3,28.2,.219
305,Tennessee-Martin,24,8,16,.333,-18.85,-5.33,,6,14,,6,7,,2,9,,1571,1847,,68.7,110.8,.362,.419,.588,53.3,63.5,9.8,8.8,.562,18.1,33.3,.254
306,Tennessee State,23,4,19,.174,-13.48,-6.62,,3,17,,4,8,,0,11,,1573,1702,,72.5,101.0,.433,.367,.546,53.1,52.0,8.3,11.1,.507,19.4,30.9,.303
307,Tennessee Tech,27,5,22,.185,-13.45,-3.15,,5,15,,5,6,,0,16,,1797,2075,,70.2,109.0,.267,.384,.570,50.6,63.1,10.4,9.0,.548,15.9,27.8,.188
308,Tennessee,24,17,7,.708,18.13,8.38,,10,7,,13,3,,4,4,,1739,1505,,68.4,91.6,.312,.378,.500,48.3,45.9,9.4,6.4,.462,20.0,28.1,.224
309,Texas A&M-Corpus Christi,24,5,19,.208,-16.69,-6.02,,2,13,,4,8,,1,10,,1554,1716,,71.3,100.3,.315,.347,.532,51.6,58.4,12.0,8.2,.496,17.3,28.2,.233
310,Texas A&M,17,8,9,.471,3.02,5.20,,2,8,,6,4,,2,4,,1089,1126,,66.0,100.4,.288,.466,.548,49.1,67.7,10.2,11.6,.532,20.1,29.8,.183
311,Texas-Arlington,26,13,13,.500,-6.90,-4.25,,9,8,,9,4,,3,8,,1916,1827,,71.6,97.7,.286,.355,.517,51.1,58.4,8.5,8.0,.487,17.8,30.0,.201
312,Texas Christian,25,12,13,.480,3.93,7.65,,5,11,,6,7,,3,6,,1688,1781,,67.7,104.8,.294,.346,.533,49.7,59.3,10.2,10.5,.506,14.7,29.1,.204
313,Texas-El Paso,23,12,11,.522,1.49,1.39,,8,8,,10,2,,2,9,,1628,1568,,69.6,97.5,.366,.326,.526,50.4,45.9,7.5,7.3,.487,16.7,23.6,.260
314,Texas-Rio Grande Valley,18,9,9,.500,-9.47,-5.90,,2,5,,8,3,,1,6,,1315,1210,,74.8,89.9,.426,.320,.492,50.0,59.5,9.0,8.2,.446,21.6,31.6,.290
315,Texas-San Antonio,24,14,10,.583,-1.33,-0.33,,9,7,,12,2,,2,8,,1911,1764,,73.7,99.7,.343,.387,.531,48.6,50.2,7.7,7.0,.491,16.9,26.4,.252
316,Texas Southern,21,13,8,.619,-8.56,-10.31,,10,3,,8,2,,5,6,,1553,1475,,74.6,94.2,.326,.388,.505,46.3,50.0,8.9,8.1,.468,17.7,25.5,.232
317,Texas State,25,18,7,.720,-3.66,-7.18,,12,3,,8,3,,9,3,,1660,1543,,64.6,94.1,.327,.402,.525,47.6,52.1,9.0,7.0,.493,20.3,25.4,.228
318,Texas Tech,26,17,9,.654,16.72,6.68,,9,8,,11,4,,5,4,,1906,1645,,67.1,93.4,.373,.383,.511,48.3,44.4,8.5,6.9,.475,20.5,29.1,.255
319,Texas,24,17,7,.708,16.22,9.52,,11,6,,8,5,,6,2,,1798,1637,,69.5,96.6,.374,.337,.502,47.2,40.6,8.0,9.8,.463,15.6,26.2,.255
320,Toledo,27,20,7,.741,8.53,-1.43,,15,4,,12,1,,7,5,,2196,1927,,70.3,100.7,.236,.407,.509,49.6,46.3,7.7,8.9,.480,15.1,30.0,.171
321,Towson,18,4,14,.222,-8.97,-1.47,,3,9,,4,4,,0,6,,1214,1349,,66.8,110.6,.293,.409,.555,48.5,48.5,8.0,7.9,.526,13.8,30.3,.212
322,Troy,28,11,17,.393,-11.42,-3.42,,4,12,,7,4,,2,11,,1829,1942,,70.2,98.4,.301,.382,.522,48.8,53.4,11.3,11.3,.496,16.8,25.8,.202
323,Tulane,21,9,12,.429,0.98,2.93,,4,12,,6,6,,3,6,,1341,1382,,68.1,96.6,.307,.422,.521,53.7,67.4,8.0,9.8,.496,19.7,29.8,.203
324,Tulsa,22,11,11,.500,5.06,6.01,,7,9,,7,5,,4,4,,1503,1432,,68.0,95.7,.344,.426,.507,51.2,55.5,10.8,7.5,.479,19.0,30.9,.221
325,UCLA,25,17,8,.680,12.93,8.25,,13,6,,11,1,,5,6,,1815,1698,,65.4,101.3,.271,.389,.537,47.0,49.3,7.3,7.2,.507,15.8,23.9,.199
326,Utah State,25,18,7,.720,11.01,0.14,,13,4,,10,2,,5,3,,1859,1572,,70.1,89.7,.257,.423,.503,42.4,53.8,9.1,8.5,.469,18.8,20.3,.190
327,Utah Valley,21,11,10,.524,-3.57,-2.52,,9,4,,8,4,,3,6,,1570,1557,,72.1,102.2,.342,.341,.527,45.4,54.4,9.5,7.2,.483,13.9,23.7,.259
328,Utah,23,11,12,.478,9.75,7.10,,8,11,,8,5,,3,7,,1620,1559,,67.4,100.6,.260,.356,.534,52.0,52.8,9.4,10.6,.506,17.5,30.2,.189
329,Valparaiso,28,10,18,.357,-3.63,1.71,,7,11,,6,6,,4,11,,1821,1902,,68.3,98.5,.278,.358,.523,52.9,52.8,8.8,7.2,.496,16.7,25.8,.192
330,Vanderbilt,23,8,15,.348,6.57,7.44,,3,13,,6,7,,2,8,,1652,1672,,69.9,104.0,.344,.373,.556,50.4,51.9,10.0,14.4,.524,17.5,27.8,.247
331,Vermont,15,10,5,.667,2.88,-6.72,,10,4,,6,3,,4,2,,1095,951,,66.4,93.9,.335,.400,.507,47.1,43.9,7.5,6.7,.470,17.0,23.2,.235
332,Villanova,21,16,5,.762,18.50,9.65,,11,4,,9,0,,4,4,,1591,1405,,66.4,100.2,.249,.406,.538,48.6,48.5,6.1,9.1,.520,16.9,24.4,.164
333,Virginia Commonwealth,25,19,6,.760,12.57,5.41,,10,4,,12,2,,5,3,,1799,1620,,70.6,91.3,.356,.353,.497,50.1,51.3,9.3,8.4,.458,20.7,30.9,.245
334,VMI,25,13,12,.520,0.26,-0.10,,7,7,,11,1,,1,10,,2001,1897,,72.3,103.8,.233,.432,.521,48.7,46.6,9.4,8.1,.500,12.4,24.7,.157
335,Virginia Tech,20,15,5,.750,14.09,6.74,,9,4,,10,2,,3,3,,1442,1295,,66.2,96.6,.302,.397,.514,47.1,46.8,8.7,9.6,.482,15.8,23.5,.213
336,Virginia,23,17,6,.739,16.98,8.59,,13,4,,10,1,,6,3,,1575,1382,,60.8,98.4,.244,.371,.510,47.9,52.1,8.3,7.5,.479,13.7,22.2,.180
337,Wagner,20,13,7,.650,-3.36,-5.91,,13,5,,7,3,,6,4,,1425,1374,,66.8,101.0,.443,.397,.548,47.5,58.4,9.2,8.6,.503,18.5,28.1,.320
338,Wake Forest,21,6,15,.286,2.78,9.28,,3,15,,5,6,,1,9,,1381,1503,,67.5,105.4,.335,.360,.561,51.3,54.0,11.5,15.7,.534,16.3,26.0,.234
339,Washington State,26,14,12,.538,6.14,4.71,,7,12,,11,5,,3,6,,1794,1757,,68.4,96.0,.328,.333,.504,47.8,55.9,9.6,10.4,.467,16.3,26.4,.232
340,Washington,25,5,20,.200,-0.47,9.53,,4,16,,4,7,,1,9,,1664,1914,,70.6,108.4,.341,.325,.538,55.9,57.6,8.3,8.7,.504,14.5,35.1,.242
341,Weber State,22,17,5,.773,2.89,-6.16,,12,3,,11,0,,6,5,,1806,1514,,72.5,94.9,.307,.360,.512,48.6,51.6,8.4,6.1,.477,17.3,24.6,.220
342,West Virginia,26,18,8,.692,16.05,10.55,,11,6,,8,5,,7,2,,2018,1875,,70.6,100.8,.283,.375,.530,47.9,51.7,8.7,6.0,.503,17.7,30.8,.198
343,Western Carolina,27,11,16,.407,-6.80,-1.40,,4,13,,6,5,,4,9,,2039,2129,,72.2,106.7,.272,.398,.558,50.4,48.0,9.8,7.8,.537,14.4,24.5,.188
344,Western Illinois,22,7,15,.318,-12.64,-4.78,,5,9,,2,5,,4,9,,1606,1746,,73.5,108.0,.382,.341,.575,48.9,51.0,7.9,10.5,.540,14.9,22.9,.278
345,Western Kentucky,24,18,6,.750,5.19,-0.14,,11,3,,11,2,,5,3,,1773,1645,,70.2,97.1,.230,.401,.522,44.5,48.2,10.2,10.2,.495,17.0,23.5,.169
346,Western Michigan,21,5,16,.238,-10.16,0.14,,4,12,,2,9,,3,7,,1325,1511,,68.3,105.4,.251,.384,.523,51.7,41.3,11.4,7.2,.494,12.8,28.8,.182
347,Wichita State,19,15,4,.789,10.35,7.41,,11,2,,10,2,,5,2,,1393,1289,,69.0,97.0,.288,.384,.489,50.5,50.3,7.8,7.1,.456,15.7,32.5,.199
348,William & Mary,17,7,10,.412,-10.28,-3.04,,4,6,,1,3,,5,6,,1101,1224,,67.2,106.3,.238,.347,.536,51.6,52.7,10.4,14.9,.510,14.6,31.8,.173
349,Winthrop,24,23,1,.958,5.25,-7.50,,17,1,,11,1,,10,0,,1909,1603,,72.8,91.8,.338,.364,.519,43.7,43.4,8.2,9.0,.490,20.2,22.0,.224
350,Wisconsin,27,16,11,.593,18.16,12.31,,10,10,,11,5,,5,6,,1887,1729,,65.8,96.4,.293,.343,.511,51.0,52.0,6.5,10.4,.479,16.1,24.6,.207
351,Wofford,24,15,9,.625,2.31,0.31,,12,5,,9,3,,6,4,,1784,1627,,67.6,99.8,.248,.422,.530,48.4,48.4,9.4,9.8,.507,16.8,26.0,.170
352,Wright State,24,18,6,.750,8.08,-6.47,,16,4,,9,4,,9,2,,1967,1618,,72.1,93.0,.218,.329,.478,43.8,44.2,9.9,5.2,.451,14.6,25.0,.153
353,Wyoming,23,13,10,.565,-2.60,-2.56,,5,9,,7,5,,4,5,,1738,1739,,70.1,106.8,.345,.308,.560,53.4,44.9,8.1,11.8,.530,16.4,28.7,.243
354,Xavier,20,13,7,.650,12.60,7.70,,6,7,,11,2,,2,5,,1502,1404,,70.4,99.2,.238,.373,.505,49.4,57.5,7.9,7.3,.474,14.4,27.1,.174
355,Yale,0,0,0,,,,,0,0,,0,0,,0,0,,,,,,,,,,,,,,,,,
356,Youngstown State,27,15,12,.556,-8.61,-7.00,,9,11,,10,5,,5,7,,2010,1950,,69.1,103.1,.262,.396,.553,48.7,52.5,8.2,7.8,.527,17.9,28.5,.188