,,Overall,Overall,Overall,Overall,Overall,Overall,,Conf.,Conf.,,Home,Home,,Away,Away,,Points,Points,,Opponent,Opponent,Opponent,Opponent,Opponent,Opponent,Opponent,Opponent,Opponent,Opponent,Opponent,Opponent,Opponent,Opponent,Opponent,Opponent,Opponent
Rk,School,G,W,L,W-L%,SRS,SOS,,W,L,,W,L,,W,L,,Tm.,Opp.,,MP,FG,FGA,FG%,3P,3PA,3P%,FT,FTA,FT%,ORB,TRB,AST,STL,BLK,TOV,PF
1,Abilene Christian,25,21,4,.840,5.18,-8.11,,13,2,,13,0,,5,4,,1924,1518,,1000,508,1270,.400,136,439,.310,366,530,.691,229,854,252,163,83,516,520
2,Air Force,24,5,19,.208,-12.26,0.32,,3,17,,3,8,,1,10,,1416,1718,,960,623,1255,.496,185,513,.361,287,419,.685,250,827,348,144,50,331,405
3,Akron,21,14,7,.667,2.88,-1.33,,12,6,,9,1,,5,5,,1650,1512,,845,561,1297,.433,141,447,.315,249,342,.728,222,747,259,117,45,258,385
4,Alabama A&M,15,6,9,.400,-18.99,-15.12,,4,9,,5,2,,1,7,,950,1008,,610,350,891,.393,84,297,.283,224,333,.673,172,582,188,121,40,192,251
5,Alabama-Birmingham,27,21,6,.778,6.12,-3.92,,13,5,,15,2,,6,4,,1972,1624,,1080,590,1473,.401,162,531,.305,282,409,.689,245,937,281,114,95,449,453
6,Alabama State,18,4,14,.222,-24.45,-17.12,,4,14,,3,6,,1,8,,1156,1288,,720,456,1042,.438,108,332,.325,268,385,.696,188,677,227,139,75,268,388
7,Alabama,27,21,6,.778,19.55,10.26,,16,2,,12,1,,7,3,,2149,1898,,1080,680,1664,.409,162,558,.290,376,550,.684,309,1043,300,220,127,433,506
8,Albany (NY),16,7,9,.438,-3.62,-4.31,,6,6,,4,5,,2,4,,1110,1099,,640,402,894,.450,114,330,.345,181,262,.691,139,522,196,90,64,233,295
9,Alcorn State,18,6,12,.333,-19.11,-10.33,,6,7,,4,3,,2,9,,1201,1359,,720,453,931,.487,130,363,.358,323,478,.676,163,617,264,121,72,280,323
10,American,10,4,6,.400,-2.96,1.54,,4,5,,2,2,,2,4,,691,736,,420,268,584,.459,50,172,.291,150,224,.670,106,351,117,85,25,125,156
11,Appalachian State,28,17,11,.607,-5.08,-4.99,,7,8,,9,4,,4,7,,1986,1806,,1145,669,1590,.421,195,604,.323,273,385,.709,264,985,336,154,121,395,493
12,Arizona State,23,10,13,.435,5.57,8.01,,7,10,,7,6,,2,6,,1721,1777,,930,611,1341,.456,176,490,.359,379,503,.753,242,916,346,124,73,349,423
13,Arizona,26,17,9,.654,12.90,6.05,,11,9,,12,4,,5,5,,1961,1783,,1050,631,1470,.429,184,539,.341,337,477,.706,220,812,292,140,72,322,524
14,Little Rock,26,11,15,.423,-6.01,-5.05,,7,11,,7,4,,2,8,,1786,1782,,1050,645,1476,.437,201,582,.345,291,402,.724,241,820,347,172,77,362,482
15,Arkansas-Pine Bluff,24,4,20,.167,-22.57,-7.57,,3,12,,2,3,,2,17,,1487,1847,,970,654,1382,.473,182,462,.394,357,529,.675,254,885,394,199,93,308,455
16,Arkansas State,24,11,13,.458,-7.66,-5.57,,7,8,,9,3,,1,9,,1741,1667,,965,608,1431,.425,160,479,.334,291,393,.740,239,806,294,163,101,301,425
17,Arkansas,26,21,5,.808,18.54,5.89,,13,4,,16,1,,5,4,,2166,1837,,1045,662,1598,.414,195,608,.321,318,467,.681,261,930,312,170,97,395,490
18,Army,20,12,8,.600,5.05,4.94,,7,7,,5,4,,5,3,,1448,1385,,805,507,1167,.434,168,479,.351,203,281,.722,168,703,259,144,67,276,338
19,Auburn,27,13,14,.481,10.49,9.74,,7,11,,8,5,,3,8,,2084,2064,,1090,748,1708,.438,198,606,.327,370,540,.685,329,980,340,236,101,369,535
20,Austin Peay,27,14,13,.519,-6.16,-7.72,,10,10,,8,5,,4,6,,2007,1890,,1090,687,1457,.472,194,541,.359,322,477,.675,249,856,312,210,70,436,489
21,Ball State,22,10,12,.455,-1.15,-0.47,,8,9,,7,4,,3,8,,1630,1645,,885,581,1350,.430,157,507,.310,326,474,.688,255,822,276,160,56,277,390
22,Baylor,22,21,1,.955,24.92,5.19,,13,1,,11,0,,7,1,,1877,1443,,885,525,1216,.432,141,421,.335,252,375,.672,232,703,271,132,84,386,375
23,Bellarmine,20,13,7,.650,-1.81,-6.09,,10,3,,6,4,,7,2,,1486,1307,,800,458,1024,.447,192,503,.382,199,283,.703,164,574,258,103,54,306,318
24,Belmont,30,26,4,.867,4.05,-8.13,,18,2,,11,1,,10,2,,2439,2074,,1205,773,1813,.426,223,660,.338,305,448,.681,307,1054,386,189,110,441,489
25,Binghamton,18,4,14,.222,-11.37,-4.48,,4,10,,1,9,,3,5,,1178,1302,,735,466,1037,.449,137,373,.367,233,325,.717,171,637,217,121,45,199,283
26,Boise State,25,18,7,.720,10.18,0.77,,14,6,,11,1,,6,6,,1899,1636,,1005,598,1415,.423,158,496,.319,282,380,.742,199,810,271,128,58,364,480
27,Boston College,19,4,15,.211,3.15,9.88,,2,11,,3,5,,0,7,,1376,1504,,765,561,1147,.489,139,403,.345,243,341,.713,180,710,275,125,64,255,331
28,Boston University,18,7,11,.389,1.12,5.67,,6,10,,2,6,,5,5,,1249,1331,,720,495,1048,.472,132,365,.362,209,312,.670,159,604,233,114,45,185,305
29,Bowling Green State,24,14,10,.583,1.63,-1.11,,10,8,,4,7,,10,3,,1896,1812,,970,657,1467,.448,196,575,.341,302,428,.706,259,934,331,132,93,342,412
30,Bradley,28,12,16,.429,0.80,1.65,,6,12,,8,6,,2,9,,1948,1864,,1130,654,1570,.417,253,683,.370,303,457,.663,258,944,360,182,59,336,395
31,Brigham Young,25,20,5,.800,14.68,5.18,,10,3,,11,2,,7,2,,1969,1692,,1015,612,1512,.405,168,525,.320,300,437,.686,224,810,288,162,49,296,471
32,Brown,0,0,0,,,,,0,0,,0,0,,0,0,,,,,,,,,,,,,,,,,,,,,
33,Bryant,20,15,5,.750,1.50,-5.87,,10,4,,10,0,,5,5,,1693,1498,,800,553,1351,.409,150,527,.285,242,344,.703,253,750,296,150,68,275,392
34,Bucknell,11,5,6,.455,-3.50,-3.59,,4,6,,2,3,,3,3,,824,823,,440,293,685,.428,78,228,.342,159,208,.764,109,393,159,77,33,128,199
35,Buffalo,21,14,7,.667,8.31,-1.34,,12,5,,8,3,,5,3,,1737,1527,,845,548,1332,.411,124,447,.277,307,407,.754,218,746,269,137,62,286,361
36,Butler,23,9,14,.391,6.37,10.67,,8,12,,8,4,,1,9,,1462,1561,,930,570,1246,.457,157,466,.337,264,376,.702,177,779,309,118,84,286,390
37,Cal Poly,22,3,19,.136,-15.81,-2.72,,1,15,,3,8,,0,11,,1339,1560,,885,551,1246,.442,144,412,.350,314,442,.710,218,824,289,159,69,284,382
38,Cal State Bakersfield,25,15,10,.600,-1.11,-3.55,,11,7,,9,2,,6,8,,1755,1607,,1005,533,1257,.424,181,524,.345,360,512,.703,203,722,303,144,73,352,408
39,Cal State Fullerton,15,6,9,.400,-6.75,-3.60,,5,9,,5,4,,1,5,,1150,1170,,605,437,929,.470,121,321,.377,175,250,.700,154,548,250,103,49,210,286
40,Cal State Northridge,21,9,12,.429,-8.88,-2.93,,5,9,,4,7,,4,4,,1523,1624,,845,569,1222,.466,175,492,.356,311,409,.760,198,776,314,125,51,271,376
41,California Baptist,22,13,9,.591,-5.46,-6.18,,6,6,,11,4,,2,5,,1754,1591,,885,570,1297,.439,146,428,.341,305,467,.653,207,721,309,139,52,266,416
42,UC-Davis,16,9,7,.563,-7.50,-6.63,,7,5,,4,3,,4,3,,1182,1162,,655,403,863,.467,112,313,.358,244,346,.705,142,540,220,98,58,282,332
43,UC-Irvine,24,16,8,.667,2.33,-2.22,,13,4,,10,1,,6,6,,1751,1521,,970,536,1383,.388,182,548,.332,267,385,.694,211,770,298,171,62,333,408
44,UC-Riverside,20,13,7,.650,3.52,-4.03,,10,5,,5,4,,7,3,,1421,1270,,810,464,1156,.401,129,403,.320,213,317,.672,176,660,222,97,53,220,291
45,UC-San Diego,17,7,10,.412,-8.00,-0.07,,4,10,,7,3,,0,7,,1214,1226,,685,473,1033,.458,123,346,.355,157,220,.714,170,642,263,117,43,239,240
46,UC-Santa Barbara,23,19,4,.826,6.11,-3.80,,15,3,,11,0,,8,4,,1744,1428,,930,517,1244,.416,132,399,.331,262,351,.746,175,683,242,107,47,331,403
47,University of California,27,8,19,.296,1.39,7.20,,3,17,,6,8,,1,11,,1763,1889,,1080,683,1452,.470,182,479,.380,341,481,.709,203,885,355,162,78,315,464
48,Campbell,27,17,10,.630,-6.13,-6.65,,11,6,,9,3,,6,7,,1917,1840,,1095,673,1466,.459,171,555,.308,323,447,.723,261,894,294,153,60,389,482
49,Canisius,13,7,6,.538,-7.48,-6.71,,7,5,,3,1,,4,4,,915,925,,520,338,747,.452,79,232,.341,170,236,.720,117,475,149,70,45,188,236
50,Central Arkansas,24,5,19,.208,-14.65,-1.78,,4,12,,4,5,,1,14,,1701,1933,,960,694,1527,.454,218,587,.371,327,446,.733,245,850,397,224,81,285,414
51,Central Connecticut State,21,5,16,.238,-13.10,-4.24,,5,13,,3,6,,2,9,,1439,1625,,840,592,1260,.470,174,495,.352,267,383,.697,235,821,339,162,62,303,338
52,Central Florida,21,10,11,.476,6.12,8.64,,8,10,,6,3,,4,8,,1412,1465,,845,515,1189,.433,156,468,.333,279,404,.691,230,727,284,140,58,284,340
53,Central Michigan,23,7,16,.304,-11.18,-3.03,,3,13,,5,7,,2,9,,1766,1835,,920,668,1466,.456,201,582,.345,298,395,.754,260,890,351,145,87,320,444
54,Charleston Southern,21,3,18,.143,-15.99,-5.49,,2,15,,1,9,,2,8,,1375,1550,,845,555,1251,.444,160,466,.343,280,425,.659,248,793,273,185,79,276,368
55,Charlotte,24,9,15,.375,-4.93,-1.97,,5,11,,6,7,,3,8,,1525,1596,,985,593,1323,.448,171,517,.331,239,315,.759,188,758,315,171,85,302,380
56,Chattanooga,26,18,8,.692,-1.00,-2.37,,9,7,,9,3,,9,4,,1888,1801,,1050,688,1510,.456,178,537,.331,247,351,.704,215,907,338,135,98,344,415
57,Chicago State,9,0,9,.000,-31.36,1.86,,0,0,,0,0,,0,7,,499,798,,360,295,558,.529,81,205,.395,127,183,.694,110,382,174,58,26,104,132
58,Cincinnati,20,10,10,.500,4.62,6.67,,8,6,,5,5,,5,5,,1397,1438,,800,486,1115,.436,123,381,.323,343,449,.764,166,686,269,135,70,265,350
59,Citadel,25,13,12,.520,-5.49,-0.87,,5,11,,11,3,,1,8,,2019,1959,,1000,727,1626,.447,175,562,.311,330,435,.759,236,931,324,175,74,281,462
60,Clemson,22,16,6,.727,14.10,10.51,,10,6,,11,1,,2,5,,1438,1359,,885,477,1154,.413,160,477,.335,245,352,.696,193,721,249,144,66,311,342
61,Cleveland State,25,18,7,.720,-4.10,-4.58,,16,4,,9,2,,8,5,,1778,1766,,1025,601,1410,.426,181,586,.309,383,530,.723,285,882,316,159,69,350,419
62,Coastal Carolina,23,16,7,.696,-1.92,-7.92,,9,5,,12,1,,3,5,,1836,1535,,925,534,1394,.383,197,640,.308,270,403,.670,249,768,291,180,52,323,408
63,Colgate,13,12,1,.923,19.09,1.93,,11,1,,6,1,,6,0,,1105,882,,525,330,824,.400,79,302,.262,143,208,.688,133,459,142,67,35,159,240
64,College of Charleston,19,9,10,.474,-4.08,-2.26,,6,4,,8,6,,1,3,,1341,1329,,780,465,1045,.445,150,416,.361,249,344,.724,162,638,241,91,57,222,308
65,Colorado State,22,17,5,.773,9.19,-0.81,,14,4,,10,1,,6,4,,1669,1447,,880,523,1272,.411,169,566,.299,232,361,.643,207,709,280,141,64,304,416
66,Colorado,27,20,7,.741,17.47,6.73,,14,6,,11,1,,6,6,,1990,1700,,1080,616,1488,.414,166,507,.327,302,412,.733,235,837,297,130,77,361,445
67,Columbia,0,0,0,,,,,0,0,,0,0,,0,0,,,,,,,,,,,,,,,,,,,,,
68,Connecticut,20,14,6,.700,16.34,9.19,,11,6,,7,3,,6,3,,1446,1303,,805,448,1081,.414,116,367,.316,291,411,.708,202,651,214,115,54,260,338
69,Coppin State,21,9,12,.429,-11.44,-5.82,,8,4,,5,3,,4,9,,1541,1659,,840,600,1433,.419,180,588,.306,279,382,.730,285,977,290,149,61,344,430
70,Cornell,0,0,0,,,,,0,0,,0,0,,0,0,,,,,,,,,,,,,,,,,,,,,
71,Creighton,25,18,7,.720,18.04,8.68,,14,6,,11,3,,7,4,,1961,1727,,1010,628,1536,.409,194,601,.323,277,389,.712,269,911,322,140,75,316,415
72,Dartmouth,0,0,0,,,,,0,0,,0,0,,0,0,,,,,,,,,,,,,,,,,,,,,
73,Davidson,21,13,8,.619,10.71,4.11,,7,4,,7,4,,4,2,,1518,1336,,845,472,1125,.420,155,464,.334,237,325,.729,151,630,226,99,49,221,339
74,Dayton,23,14,9,.609,7.59,5.07,,9,7,,8,3,,4,6,,1614,1556,,945,579,1368,.423,164,516,.318,234,365,.641,241,752,288,128,68,275,394
75,Delaware State,19,3,16,.158,-23.65,-5.89,,1,11,,3,6,,0,10,,1345,1629,,765,554,1183,.468,161,452,.356,360,509,.707,223,781,300,161,77,280,349
76,Delaware,15,7,8,.467,-4.30,-4.16,,5,4,,6,3,,1,4,,1013,1012,,600,361,856,.422,101,294,.344,189,263,.719,138,494,160,97,39,172,269
77,Denver,21,2,19,.095,-17.15,-6.55,,1,13,,2,10,,0,9,,1466,1662,,850,560,1174,.477,173,453,.382,369,479,.770,171,722,237,136,70,286,418
78,DePaul,17,4,13,.235,4.14,9.49,,2,13,,2,8,,2,5,,1120,1211,,690,416,994,.419,126,403,.313,253,346,.731,188,627,232,125,66,250,270
79,Detroit Mercy,22,12,10,.545,-2.30,-4.85,,10,6,,7,5,,5,5,,1683,1627,,885,607,1310,.463,205,557,.368,208,294,.707,212,745,377,120,59,279,353
80,Dixie State,21,8,13,.381,-14.84,-4.26,,4,10,,5,7,,3,6,,1461,1603,,840,581,1285,.452,143,467,.306,298,449,.664,246,836,309,155,75,307,407
81,Drake,29,25,4,.862,9.73,-1.45,,15,3,,14,1,,9,2,,2245,1875,,1170,677,1604,.422,184,582,.316,337,458,.736,247,897,309,160,83,375,414
82,Drexel,18,11,7,.611,0.26,-4.25,,4,5,,3,2,,4,5,,1295,1214,,720,443,1000,.443,113,346,.327,215,286,.752,146,530,188,108,59,200,283
83,Duke,22,11,11,.500,12.75,9.84,,9,9,,8,5,,3,6,,1668,1604,,890,586,1260,.465,149,401,.372,283,400,.708,210,740,291,140,92,304,332
84,Duquesne,18,9,9,.500,3.43,3.60,,7,7,,5,2,,2,5,,1205,1208,,720,422,1011,.417,112,395,.284,252,359,.702,193,649,240,122,56,241,298
85,East Carolina,18,8,10,.444,1.57,3.98,,2,10,,7,6,,1,4,,1207,1219,,725,412,979,.421,135,420,.321,260,366,.710,165,644,229,120,55,263,318
86,East Tennessee State,25,13,12,.520,2.10,0.75,,8,7,,8,4,,3,5,,1736,1654,,1005,573,1370,.418,211,617,.342,297,429,.692,223,823,321,161,77,344,421
87,Eastern Illinois,27,9,18,.333,-12.07,-6.55,,6,14,,5,7,,4,11,,1874,2023,,1095,722,1601,.451,217,597,.363,362,497,.728,276,985,400,200,80,361,408
88,Eastern Kentucky,29,22,7,.759,-2.05,-7.61,,15,5,,10,2,,9,4,,2372,2137,,1180,770,1735,.444,201,619,.325,396,546,.725,305,1144,442,179,81,555,479
89,Eastern Michigan,18,6,12,.333,-12.98,0.02,,3,11,,5,4,,1,8,,1267,1362,,720,506,1057,.479,169,455,.371,181,268,.675,176,679,320,108,41,278,297
90,Eastern Washington,20,13,7,.650,2.22,-4.62,,12,3,,7,2,,6,5,,1586,1432,,800,518,1236,.419,143,440,.325,253,348,.727,201,709,236,109,47,243,370
91,Elon,18,10,8,.556,-4.36,-3.83,,4,7,,4,2,,3,6,,1193,1172,,720,400,937,.427,119,388,.307,253,388,.652,127,596,174,117,60,221,294
92,Evansville,25,9,16,.360,-4.42,0.42,,7,11,,8,4,,1,10,,1619,1740,,1015,645,1255,.514,150,366,.410,300,431,.696,165,800,280,129,56,289,399
93,Fairfield,23,7,16,.304,-12.14,-5.70,,7,11,,4,8,,3,8,,1427,1575,,925,581,1284,.452,147,435,.338,266,400,.665,198,775,291,136,74,248,432
94,Fairleigh Dickinson,24,9,15,.375,-8.36,-4.65,,8,10,,4,6,,5,9,,1801,1890,,970,680,1460,.466,188,562,.335,342,495,.691,282,889,397,168,80,337,412
95,Florida A&M,19,8,11,.421,-11.52,-8.68,,7,5,,4,1,,4,10,,1239,1293,,760,475,1110,.428,112,400,.280,231,358,.645,222,670,230,139,47,283,324
96,Florida Atlantic,21,12,9,.571,-2.37,-5.60,,7,5,,7,1,,4,7,,1651,1392,,845,483,1176,.411,148,433,.342,278,403,.690,176,678,217,117,53,302,356
97,Florida Gulf Coast,18,10,8,.556,-9.38,-6.88,,4,4,,7,4,,2,2,,1292,1242,,720,461,1095,.421,128,409,.313,192,279,.688,191,675,213,128,63,260,284
98,Florida International,26,9,17,.346,-10.81,-2.86,,2,15,,7,8,,2,9,,1914,1985,,1055,725,1535,.472,175,486,.360,360,505,.713,285,995,335,183,72,431,393
99,Florida State,20,15,5,.750,18.60,9.05,,11,4,,12,1,,3,4,,1592,1401,,810,464,1160,.400,161,475,.339,312,415,.752,224,656,232,135,55,287,334
100,Florida,21,13,8,.619,15.70,10.89,,9,7,,6,3,,5,5,,1566,1465,,840,517,1227,.421,127,419,.303,304,438,.694,247,718,262,159,67,312,375
101,Fordham,14,2,12,.143,-10.44,4.35,,2,11,,2,5,,0,6,,725,932,,560,332,763,.435,122,365,.334,146,212,.689,140,539,217,95,37,173,210
102,Fresno State,22,11,11,.500,-3.45,0.45,,9,11,,7,5,,4,6,,1444,1469,,885,518,1203,.431,156,453,.344,277,374,.741,191,719,241,148,71,287,405
103,Furman,25,16,9,.640,6.57,-1.12,,10,5,,11,1,,5,7,,1990,1723,,1005,635,1440,.441,181,559,.324,272,423,.643,228,825,326,179,69,370,366
104,Gardner-Webb,26,11,15,.423,-3.15,-5.42,,10,10,,7,4,,4,11,,1837,1778,,1040,598,1434,.417,199,583,.341,383,523,.732,256,913,334,142,82,317,429
105,George Mason,22,13,9,.591,2.96,1.53,,8,6,,7,3,,3,4,,1569,1538,,905,558,1275,.438,162,456,.355,260,359,.724,186,774,247,144,57,310,370
106,George Washington,17,5,12,.294,-4.58,-0.41,,3,5,,3,6,,1,5,,1158,1229,,685,463,1034,.448,129,377,.342,174,258,.674,178,598,252,122,61,197,274
107,Georgetown,21,9,12,.429,8.92,10.64,,7,9,,7,6,,2,6,,1505,1541,,845,559,1319,.424,173,511,.339,250,353,.708,227,744,321,174,63,240,356
108,Georgia Southern,26,13,13,.500,-9.54,-5.58,,7,9,,9,4,,4,8,,1860,1762,,1070,622,1469,.423,201,575,.350,317,448,.708,258,894,274,186,72,410,435
109,Georgia State,22,16,6,.727,-1.01,-3.91,,8,4,,9,1,,5,4,,1767,1599,,900,554,1342,.413,185,547,.338,306,439,.697,265,814,268,138,63,324,384
110,Georgia Tech,23,15,8,.652,14.03,8.42,,11,6,,11,3,,4,5,,1738,1609,,945,593,1305,.454,165,455,.363,258,367,.703,222,793,328,130,63,354,350
111,Georgia,25,14,11,.560,7.19,8.52,,7,11,,12,5,,2,6,,1944,1954,,1005,710,1549,.458,197,581,.339,337,480,.702,288,903,342,215,112,419,484
112,Gonzaga,25,25,0,1.000,26.60,3.08,,15,0,,12,0,,7,0,,2307,1719,,1000,634,1522,.417,167,520,.321,284,404,.703,217,762,284,152,73,389,500
113,Grambling,22,11,11,.500,-14.64,-13.02,,9,6,,6,4,,5,7,,1482,1507,,880,512,1284,.399,171,494,.346,312,476,.655,246,805,331,163,105,331,408
114,Grand Canyon,21,15,6,.714,2.08,-5.70,,9,3,,10,3,,5,1,,1583,1302,,840,455,1191,.382,145,490,.296,247,347,.712,172,643,213,122,41,253,382
115,Green Bay,25,8,17,.320,-9.01,-4.09,,8,12,,6,6,,2,11,,1790,1913,,1030,695,1468,.473,182,503,.362,341,468,.729,241,899,312,142,67,294,406
116,Hampton,25,11,14,.440,-12.99,-8.59,,9,9,,5,7,,6,7,,1721,1831,,1000,637,1487,.428,190,562,.338,367,527,.696,301,992,318,161,68,314,379
117,Hartford,22,14,8,.636,-3.32,-5.42,,8,6,,9,1,,5,6,,1451,1405,,880,525,1239,.424,145,495,.293,210,316,.665,221,759,257,120,72,298,354
118,Harvard,0,0,0,,,,,0,0,,0,0,,0,0,,,,,,,,,,,,,,,,,,,,,
119,Hawaii,20,11,9,.550,-4.13,-4.40,,9,9,,7,5,,4,4,,1451,1390,,815,517,1159,.446,112,346,.324,244,335,.728,168,643,209,138,56,246,367
120,High Point,24,9,15,.375,-10.05,-6.84,,6,11,,5,5,,4,10,,1600,1677,,965,582,1311,.444,209,589,.355,304,447,.680,225,817,339,150,102,327,462
121,Hofstra,23,13,10,.565,-1.82,-1.99,,8,6,,7,3,,5,6,,1683,1679,,925,618,1383,.447,178,527,.338,265,357,.742,234,816,373,136,72,277,420
122,Holy Cross,16,5,11,.313,-0.12,5.31,,5,11,,2,7,,3,4,,1130,1217,,645,436,934,.467,110,308,.357,235,329,.714,171,589,207,112,51,208,254
123,Houston Baptist,23,5,18,.217,-16.97,-4.88,,4,11,,4,6,,1,12,,1644,1877,,925,690,1461,.472,201,569,.353,296,410,.722,266,882,374,214,73,329,404
124,Houston,24,21,3,.875,21.82,4.26,,14,3,,15,0,,5,3,,1852,1382,,960,453,1224,.370,127,463,.274,349,520,.671,236,772,234,120,56,365,418
125,Howard,5,1,4,.200,-13.70,-1.95,,0,0,,1,1,,0,0,,363,424,,200,156,333,.468,49,137,.358,63,101,.624,60,198,98,41,15,44,97
126,Idaho State,23,13,10,.565,-9.21,-6.82,,8,6,,8,3,,5,5,,1574,1410,,930,505,1251,.404,139,400,.348,261,388,.673,191,673,230,168,42,297,471
127,Idaho,21,1,20,.048,-19.92,-4.01,,1,17,,1,9,,0,11,,1279,1613,,850,567,1190,.476,167,435,.384,312,418,.746,205,723,278,188,67,247,356
128,Illinois-Chicago,22,9,13,.409,-10.99,-6.35,,6,10,,7,4,,2,9,,1489,1591,,890,587,1333,.440,107,356,.301,310,452,.686,219,818,261,141,55,220,326
129,Illinois State,25,7,18,.280,-4.99,0.84,,4,14,,3,8,,3,9,,1799,1870,,1015,692,1546,.448,198,641,.309,288,398,.724,238,899,398,175,62,299,368
130,Illinois,26,20,6,.769,24.28,12.09,,16,4,,11,2,,9,3,,2098,1781,,1050,645,1577,.409,172,521,.330,319,471,.677,226,789,284,173,100,307,514
131,Incarnate Word,21,8,13,.381,-15.45,-8.12,,5,9,,5,7,,3,6,,1427,1498,,845,559,1210,.462,119,397,.300,261,383,.681,220,737,297,138,65,270,368
132,Indiana State,25,15,10,.600,2.49,2.37,,11,7,,9,3,,5,6,,1662,1645,,1000,607,1347,.451,174,512,.340,257,368,.698,212,832,332,129,66,367,444
133,Indiana,26,12,14,.462,14.54,13.77,,7,12,,6,6,,3,7,,1832,1812,,1075,631,1479,.427,187,555,.337,363,507,.716,248,932,303,155,94,318,516
134,Iona,13,8,5,.615,-2.00,-7.00,,6,3,,4,2,,4,3,,971,906,,520,292,705,.414,80,254,.315,242,340,.712,126,417,159,101,34,184,248
135,Iowa State,23,2,21,.087,-0.62,10.73,,0,18,,2,10,,0,11,,1501,1762,,920,624,1353,.461,153,465,.329,361,489,.738,266,877,304,186,73,298,324
136,Iowa,27,20,7,.741,23.85,10.92,,14,6,,14,2,,6,4,,2296,1947,,1085,718,1741,.412,247,707,.349,264,396,.667,318,998,429,145,78,315,512
137,Purdue-Fort Wayne,23,8,15,.348,-11.02,-7.50,,6,14,,5,6,,3,9,,1728,1809,,955,650,1416,.459,187,557,.336,322,431,.747,242,741,325,179,54,282,364
138,IUPUI,18,8,10,.444,-10.58,-5.97,,7,9,,4,5,,4,5,,1281,1364,,720,493,1039,.474,110,361,.305,268,365,.734,149,642,232,122,38,247,288
139,Jackson State,16,11,5,.688,-11.34,-13.90,,11,0,,6,0,,5,5,,1026,985,,645,337,865,.390,73,240,.304,238,350,.680,148,556,151,108,52,251,292
140,Jacksonville State,27,18,9,.667,-2.50,-5.54,,13,6,,8,3,,7,5,,2005,1851,,1095,674,1642,.410,225,686,.328,278,412,.675,287,915,352,166,72,307,447
141,Jacksonville,24,11,13,.458,-10.86,-6.45,,5,9,,7,5,,4,8,,1622,1668,,965,615,1400,.439,182,552,.330,256,370,.692,242,866,312,153,61,351,433
142,James Madison,20,13,7,.650,0.62,-2.44,,8,2,,10,3,,3,3,,1562,1409,,800,480,1165,.412,170,540,.315,279,374,.746,212,741,265,119,64,321,396
143,Kansas State,27,8,19,.296,-0.41,9.09,,4,14,,6,12,,2,7,,1653,1913,,1080,674,1463,.461,219,595,.368,346,468,.739,236,889,370,211,83,348,412
144,Kansas,27,19,8,.704,16.66,10.35,,12,6,,13,1,,4,6,,1978,1779,,1085,641,1586,.404,192,599,.321,303,421,.720,264,929,301,168,76,371,452
145,Kennesaw State,24,5,19,.208,-13.75,-3.27,,1,13,,4,9,,0,9,,1571,1672,,960,606,1341,.452,142,448,.317,318,440,.723,185,814,250,166,58,306,417
146,Kent State,22,15,7,.682,3.87,-0.99,,12,6,,9,2,,6,5,,1701,1550,,885,555,1334,.416,181,532,.340,259,366,.708,228,743,279,146,60,286,372
147,Kentucky,24,9,15,.375,12.81,12.47,,8,9,,5,6,,4,7,,1688,1680,,970,598,1460,.410,159,508,.313,325,440,.739,273,859,291,152,88,304,439
148,La Salle,25,9,16,.360,-2.20,4.21,,6,11,,6,3,,3,11,,1702,1838,,1005,645,1418,.455,175,534,.328,373,502,.743,243,881,367,180,72,342,362
149,Lafayette,15,9,6,.600,-1.78,-2.78,,9,5,,6,3,,3,3,,1165,1150,,620,422,919,.459,92,277,.332,214,310,.690,156,584,202,76,45,174,263
150,Lamar,25,8,17,.320,-13.53,-6.65,,7,10,,5,5,,3,11,,1640,1812,,1010,664,1457,.456,203,525,.387,281,417,.674,242,917,376,168,83,353,435
151,Lehigh,15,4,11,.267,-9.03,-0.76,,4,10,,1,5,,3,6,,1025,1149,,605,412,879,.469,111,303,.366,214,288,.743,120,533,212,106,49,182,241
152,Liberty,28,23,5,.821,4.62,-6.38,,11,2,,13,0,,5,3,,2097,1670,,1120,611,1492,.410,168,539,.312,280,406,.690,195,829,259,147,57,328,390
153,Lipscomb,27,15,12,.556,-6.77,-5.33,,9,6,,10,4,,4,7,,1922,1848,,1085,695,1606,.433,219,685,.320,239,340,.703,256,931,343,159,82,347,434
154,Cal State Long Beach,16,5,11,.313,-11.51,-4.26,,4,8,,4,3,,1,8,,1156,1272,,660,446,1026,.435,139,388,.358,241,353,.683,197,640,225,121,48,215,320
155,Long Island University,18,9,9,.500,-5.72,-6.77,,9,9,,6,3,,3,6,,1332,1313,,720,485,1095,.443,123,384,.320,220,311,.707,185,674,253,119,52,280,320
156,Longwood,28,12,16,.429,-7.19,-6.12,,10,10,,8,5,,4,11,,1854,1886,,1120,662,1478,.448,207,664,.312,355,493,.720,241,927,323,177,94,383,477
157,Louisiana,26,17,9,.654,-4.55,-5.21,,10,7,,10,3,,6,4,,1934,1892,,1050,684,1614,.424,169,507,.333,355,474,.749,267,894,361,178,82,315,428
158,Louisiana-Monroe,26,7,19,.269,-10.36,-5.67,,5,13,,5,8,,2,10,,1670,1792,,1045,626,1432,.437,191,523,.365,349,487,.717,274,972,328,169,76,375,395
159,Louisiana State,24,16,8,.667,15.50,8.25,,11,6,,11,2,,4,6,,1984,1810,,965,638,1524,.419,206,685,.301,328,460,.713,301,894,328,147,77,327,446
160,Louisiana Tech,26,20,6,.769,6.95,-1.69,,12,4,,15,1,,5,5,,1936,1687,,1040,616,1540,.400,172,590,.292,283,399,.709,232,916,298,159,81,352,479
161,Louisville,19,13,6,.684,11.95,9.69,,8,5,,9,2,,4,4,,1303,1260,,765,456,1083,.421,135,448,.301,213,320,.666,179,626,229,111,69,211,331
162,Loyola (IL),28,24,4,.857,14.82,0.13,,16,2,,13,0,,8,3,,2002,1555,,1130,587,1444,.407,158,485,.326,223,318,.701,183,775,261,143,75,389,456
163,Loyola Marymount,22,13,9,.591,4.57,3.07,,7,5,,8,3,,4,5,,1529,1496,,885,526,1181,.445,149,432,.345,295,411,.718,143,599,287,150,73,259,433
164,Loyola (MD),15,5,10,.333,0.48,-1.45,,4,10,,3,4,,2,6,,1087,1058,,630,366,864,.424,109,319,.342,217,298,.728,143,517,189,123,50,221,304
165,Maine,9,2,7,.222,-14.75,-3.31,,2,6,,1,1,,1,6,,478,581,,360,208,487,.427,59,190,.311,106,151,.702,92,319,107,74,19,122,140
166,Manhattan,19,7,12,.368,-11.33,-7.33,,6,12,,4,6,,3,6,,1210,1286,,780,426,994,.429,109,329,.331,325,461,.705,185,696,239,114,78,296,387
167,Marist,20,12,8,.600,-7.77,-7.82,,10,8,,6,3,,6,5,,1270,1269,,810,438,1118,.392,151,484,.312,242,350,.691,184,686,239,135,54,244,347
168,Marquette,26,13,13,.500,10.05,9.39,,8,11,,7,7,,6,6,,1834,1817,,1045,642,1548,.415,198,577,.343,335,461,.727,269,867,353,187,84,281,471
169,Marshall,21,15,6,.714,6.75,-1.16,,9,5,,9,3,,6,3,,1690,1524,,845,562,1298,.433,165,460,.359,235,357,.658,228,786,249,150,57,307,331
170,Maryland-Baltimore County,20,14,6,.700,-0.24,-4.89,,10,4,,5,4,,9,2,,1391,1298,,800,463,1167,.397,158,480,.329,214,299,.716,178,680,212,107,56,245,373
171,Maryland-Eastern Shore,0,0,0,,,,,0,0,,0,0,,0,0,,,,,,,,,,,,,,,,,,,,,
172,Maryland,27,15,12,.556,15.47,12.74,,9,11,,11,6,,4,6,,1861,1748,,1080,620,1533,.404,219,648,.338,289,401,.721,229,903,318,153,71,296,464
173,Massachusetts-Lowell,22,11,11,.500,-4.72,-2.81,,7,8,,3,4,,6,5,,1525,1567,,880,536,1249,.429,147,456,.322,348,490,.710,208,722,227,132,57,251,432
174,Massachusetts,15,8,7,.533,6.01,2.28,,6,4,,4,3,,3,3,,1151,1095,,615,403,880,.458,90,266,.338,199,294,.677,131,555,230,105,53,221,280
175,McNeese State,23,10,13,.435,-18.02,-10.90,,4,11,,7,5,,3,8,,1859,1651,,920,609,1355,.449,178,482,.369,255,386,.661,205,743,326,167,80,357,398
176,Memphis,22,15,7,.682,12.63,2.85,,11,4,,10,1,,4,3,,1586,1371,,880,473,1231,.384,127,473,.268,298,438,.680,200,726,241,136,63,359,383
177,Mercer,29,18,11,.621,1.87,-1.02,,8,9,,9,4,,6,6,,2225,2082,,1180,772,1764,.438,216,679,.318,322,457,.705,261,972,350,182,74,350,437
178,Merrimack,18,9,9,.500,-7.02,-6.63,,9,9,,6,3,,3,6,,1193,1200,,725,425,1007,.422,116,337,.344,234,332,.705,200,671,246,121,41,269,300
179,Miami (FL),24,8,16,.333,3.35,8.64,,4,15,,7,8,,1,8,,1582,1709,,965,642,1441,.446,219,592,.370,206,286,.720,220,843,362,172,98,292,369
180,Miami (OH),22,12,10,.545,-1.44,-2.01,,9,8,,7,4,,5,6,,1600,1573,,885,575,1283,.448,184,530,.347,239,336,.711,215,770,300,121,82,267,364
181,Michigan State,26,15,11,.577,11.59,12.74,,9,11,,12,3,,3,8,,1807,1837,,1040,641,1503,.426,161,510,.316,394,551,.715,244,891,348,171,81,276,464
182,Michigan,22,19,3,.864,23.65,12.33,,14,3,,13,1,,6,2,,1684,1435,,885,522,1340,.390,139,427,.326,252,333,.757,208,688,214,114,55,226,357
183,Middle Tennessee,22,5,17,.227,-10.34,-0.82,,3,13,,5,6,,0,9,,1370,1551,,880,580,1238,.468,130,421,.309,261,367,.711,178,795,282,166,73,311,312
184,Milwaukee,22,10,12,.455,-6.67,-5.94,,7,10,,4,5,,6,6,,1662,1678,,900,582,1288,.452,192,507,.379,322,451,.714,208,830,323,114,62,297,426
185,Minnesota,27,13,14,.481,12.06,12.83,,6,14,,13,4,,0,10,,1977,1998,,1095,714,1608,.444,183,516,.355,387,551,.702,317,1081,404,140,72,365,532
186,Mississippi State,27,14,13,.519,9.96,6.21,,8,10,,9,6,,5,4,,1875,1774,,1100,635,1590,.399,205,646,.317,299,390,.767,273,866,366,182,98,332,436
187,Mississippi Valley State,23,2,21,.087,-38.51,-7.82,,2,13,,1,5,,1,16,,1300,2006,,920,735,1521,.483,195,554,.352,341,498,.685,307,1041,421,216,62,253,354
188,Mississippi,25,15,10,.600,11.97,6.37,,10,8,,10,4,,5,6,,1717,1577,,1005,551,1304,.423,178,493,.361,297,433,.686,221,791,327,167,81,399,429
189,Missouri-Kansas City,24,11,13,.458,-5.28,-3.03,,7,7,,8,3,,2,8,,1683,1502,,960,484,1118,.433,136,418,.325,398,577,.690,175,721,259,127,74,378,392
190,Missouri State,24,17,7,.708,5.50,0.32,,12,6,,9,4,,7,2,,1762,1594,,960,581,1418,.410,164,503,.326,268,390,.687,198,768,250,135,60,246,400
191,Missouri,23,15,8,.652,13.21,11.21,,8,8,,8,4,,6,4,,1704,1658,,930,580,1348,.430,145,451,.322,353,495,.713,247,814,254,145,93,293,440
192,Monmouth,19,12,7,.632,-3.66,-6.50,,12,6,,7,2,,5,5,,1461,1407,,775,477,1147,.416,151,468,.323,302,437,.691,210,748,268,128,82,302,402
193,Montana State,20,11,9,.550,-7.54,-6.32,,8,6,,5,3,,6,6,,1497,1450,,810,486,1112,.437,154,437,.352,324,419,.773,165,653,220,123,53,275,413
194,Montana,25,13,12,.520,-3.84,-2.34,,7,9,,8,4,,5,8,,1782,1659,,1015,586,1392,.421,142,465,.305,345,518,.666,234,819,287,146,72,309,461
195,Morehead State,30,23,7,.767,-0.26,-4.37,,17,3,,12,1,,8,5,,2065,1902,,1210,704,1743,.404,222,723,.307,272,403,.675,263,928,350,232,94,368,539
196,Morgan State,19,12,7,.632,-6.38,-11.00,,7,5,,5,5,,7,2,,1533,1399,,760,459,1090,.421,144,455,.316,337,466,.723,212,686,217,138,68,336,365
197,Mount St. Mary's,21,11,10,.524,-3.83,-5.07,,9,7,,6,3,,5,6,,1329,1303,,850,479,1178,.407,115,383,.300,230,295,.780,183,668,201,144,58,226,368
198,Murray State,26,13,13,.500,-2.30,-7.63,,10,10,,9,4,,4,8,,1986,1739,,1045,620,1478,.419,193,604,.320,306,445,.688,227,832,292,136,102,348,369
199,Navy,18,15,3,.833,4.00,-0.50,,12,1,,8,2,,6,1,,1287,1206,,730,436,950,.459,124,369,.336,210,309,.680,142,569,234,110,64,275,355
200,Omaha,25,5,20,.200,-13.13,-2.49,,3,11,,1,5,,3,12,,1683,1949,,1000,698,1500,.465,209,544,.384,344,467,.737,232,942,346,159,70,303,436
201,Nebraska,26,7,19,.269,7.23,13.43,,3,16,,6,9,,1,10,,1823,1932,,1045,690,1627,.424,233,744,.313,319,447,.714,277,1030,373,174,96,343,448
202,Nevada-Las Vegas,25,11,14,.440,-1.68,1.32,,8,10,,8,4,,3,7,,1742,1696,,1000,568,1357,.419,224,601,.373,336,461,.729,211,813,337,121,71,301,375
203,Nevada,24,15,9,.625,4.67,1.11,,8,7,,10,2,,2,7,,1757,1653,,960,542,1344,.403,196,599,.327,373,520,.717,218,831,330,154,60,303,457
204,New Hampshire,19,10,9,.526,-7.15,-5.65,,9,6,,5,6,,5,3,,1278,1266,,765,434,1011,.429,122,355,.344,276,386,.715,139,665,182,101,68,237,358
205,New Mexico State,17,10,7,.588,-2.77,-6.49,,7,6,,4,2,,5,5,,1211,1086,,680,388,887,.437,109,325,.335,201,282,.713,120,506,204,82,36,223,309
206,New Mexico,21,6,15,.286,-12.45,-1.66,,1,8,,0,0,,3,8,,1359,1493,,850,530,1209,.438,173,510,.339,260,380,.684,208,735,304,168,62,274,375
207,New Orleans,23,9,14,.391,-10.88,-8.97,,8,7,,6,3,,2,10,,1740,1765,,930,636,1394,.456,148,459,.322,345,506,.682,269,820,309,188,92,360,407
208,Niagara,18,8,10,.444,-6.74,-6.18,,7,9,,5,3,,3,7,,1162,1172,,720,410,962,.426,135,403,.335,217,301,.721,163,645,257,87,59,236,328
209,Nicholls State,23,17,6,.739,-4.61,-9.43,,14,2,,8,1,,7,5,,1827,1676,,930,590,1375,.429,169,498,.339,327,473,.691,237,858,286,124,62,370,393
210,NJIT,19,7,12,.368,-8.89,-4.84,,6,10,,3,5,,4,6,,1256,1333,,770,494,1065,.464,127,383,.332,218,313,.696,175,707,241,88,65,274,363
211,Norfolk State,21,14,7,.667,-6.57,-9.67,,8,4,,7,4,,6,3,,1572,1470,,845,482,1179,.409,175,541,.323,331,477,.694,211,753,268,117,72,328,412
212,North Alabama,24,13,11,.542,-9.67,-5.92,,7,8,,8,4,,3,6,,1756,1666,,970,577,1378,.419,199,583,.341,313,454,.689,206,840,253,140,70,341,417
213,North Carolina-Asheville,20,10,10,.500,-6.28,-6.88,,9,5,,6,4,,4,6,,1468,1456,,815,533,1192,.447,120,370,.324,270,385,.701,240,747,239,131,81,280,329
214,North Carolina A&T,21,11,10,.524,-13.51,-7.30,,7,1,,5,4,,5,6,,1517,1523,,845,550,1264,.435,170,488,.348,253,377,.671,256,849,330,123,84,392,402
215,North Carolina Central,13,5,8,.385,-13.49,-8.07,,3,5,,4,2,,0,6,,884,916,,525,320,713,.449,80,246,.325,196,272,.721,135,478,184,85,41,204,234
216,North Carolina-Greensboro,29,21,8,.724,3.94,-2.24,,13,5,,7,3,,10,3,,2135,1956,,1165,664,1605,.414,215,675,.319,413,584,.707,262,1053,329,143,78,431,462
217,North Carolina State,22,13,9,.591,11.12,7.08,,9,8,,7,4,,5,5,,1616,1527,,885,557,1243,.448,146,422,.346,267,372,.718,238,753,279,136,79,341,380
218,North Carolina-Wilmington,17,7,10,.412,-6.13,-5.76,,1,6,,3,4,,3,4,,1297,1253,,685,463,987,.469,93,292,.318,234,310,.755,168,605,190,90,53,239,319
219,North Carolina,25,16,9,.640,15.04,9.88,,10,6,,10,1,,3,7,,1871,1742,,1000,633,1499,.422,200,582,.344,276,398,.693,241,804,325,221,112,344,461
220,North Dakota State,26,15,11,.577,-0.93,-3.20,,11,5,,6,2,,5,7,,1811,1752,,1045,648,1479,.438,182,537,.339,274,388,.706,175,782,310,132,67,240,432
221,North Dakota,26,9,17,.346,-10.80,-3.80,,8,8,,5,3,,3,11,,1787,1969,,1055,715,1519,.471,186,484,.384,353,462,.764,227,928,334,167,88,308,477
222,North Florida,23,8,15,.348,-11.03,-4.18,,6,6,,5,3,,3,10,,1601,1725,,920,629,1405,.448,139,418,.333,328,445,.737,288,849,350,183,68,251,357
223,North Texas,22,13,9,.591,7.36,-0.02,,9,5,,8,3,,5,6,,1563,1376,,880,490,1174,.417,135,401,.337,261,368,.709,190,668,198,149,58,316,343
224,Northeastern,19,10,9,.526,-0.29,0.81,,8,2,,5,1,,4,7,,1277,1298,,765,479,1109,.432,113,349,.324,227,325,.698,177,675,220,129,41,225,294
225,Northern Arizona,20,5,15,.250,-15.21,-2.46,,4,10,,1,7,,4,7,,1253,1508,,805,542,1055,.514,176,454,.388,248,343,.723,154,678,307,103,65,236,349
226,Northern Colorado,20,10,10,.500,-8.04,-5.34,,6,8,,6,5,,4,5,,1378,1345,,805,500,1138,.439,75,269,.279,270,361,.748,139,641,183,125,53,220,335
227,Northern Illinois,19,3,16,.158,-16.73,-1.63,,2,12,,2,7,,1,9,,1184,1471,,765,511,1096,.466,177,454,.390,272,370,.735,201,704,300,115,58,217,300
228,Northern Iowa,25,10,15,.400,-1.45,2.73,,7,11,,6,5,,3,7,,1738,1779,,1010,651,1437,.453,200,609,.328,277,376,.737,178,837,342,183,71,303,390
229,Northern Kentucky,25,14,11,.560,-5.64,-5.76,,11,7,,9,4,,5,6,,1784,1781,,1015,641,1421,.451,188,530,.355,311,462,.673,275,843,345,153,54,317,413
230,Northwestern State,27,10,17,.370,-13.39,-4.54,,9,7,,6,4,,4,12,,1948,2145,,1090,790,1675,.472,191,588,.325,374,554,.675,322,1076,436,197,84,364,443
231,Northwestern,23,9,14,.391,11.31,13.22,,6,13,,7,6,,2,8,,1640,1630,,930,568,1319,.431,188,563,.334,306,422,.725,203,819,347,136,73,291,377
232,Notre Dame,24,10,14,.417,10.45,10.62,,7,11,,6,5,,4,8,,1751,1755,,960,671,1520,.441,198,547,.362,215,296,.726,248,860,327,146,86,205,366
233,Oakland,29,12,17,.414,-7.88,-1.50,,10,10,,5,4,,6,11,,2171,2356,,1200,883,1867,.473,306,813,.376,284,403,.705,350,1128,610,181,103,403,526
234,Ohio State,26,18,8,.692,19.96,13.04,,12,8,,10,4,,7,4,,1998,1818,,1040,638,1491,.428,195,567,.344,347,493,.704,247,854,351,120,60,274,495
235,Ohio,20,13,7,.650,3.93,-1.91,,9,5,,8,3,,4,4,,1604,1473,,800,525,1167,.450,162,460,.352,261,345,.757,179,672,291,117,48,288,356
236,Oklahoma State,25,18,7,.720,13.62,9.22,,11,7,,10,3,,8,4,,1917,1807,,1025,641,1564,.410,189,587,.322,336,480,.700,291,882,318,206,106,359,453
237,Oklahoma,23,14,9,.609,14.34,8.30,,9,8,,10,3,,4,6,,1728,1589,,935,581,1384,.420,188,526,.357,239,328,.729,232,845,272,121,74,306,384
238,Old Dominion,22,15,7,.682,-0.83,-0.88,,11,5,,9,1,,6,6,,1516,1495,,885,526,1250,.421,187,539,.347,256,369,.694,193,745,292,141,73,292,364
239,Oral Roberts,25,15,10,.600,-0.68,-2.45,,10,5,,8,3,,5,7,,2051,1898,,1000,682,1573,.434,178,515,.346,356,512,.695,300,971,296,142,74,336,419
240,Oregon State,26,14,12,.538,6.25,7.09,,10,10,,10,6,,4,6,,1821,1770,,1045,611,1391,.439,164,525,.312,384,525,.731,238,871,333,131,72,332,468
241,Oregon,24,19,5,.792,14.01,6.76,,14,4,,11,2,,7,2,,1779,1605,,960,579,1337,.433,171,522,.328,276,361,.765,215,766,312,115,66,331,382
242,Pacific,18,9,9,.500,1.66,4.25,,6,7,,6,2,,3,6,,1256,1272,,735,444,1017,.437,145,424,.342,239,328,.729,134,582,223,83,52,230,308
243,Penn State,23,10,13,.435,14.94,15.54,,7,12,,7,5,,3,8,,1670,1684,,930,600,1284,.467,164,481,.341,320,443,.722,188,799,331,127,98,325,393
244,Pennsylvania,0,0,0,,,,,0,0,,0,0,,0,0,,,,,,,,,,,,,,,,,,,,,
245,Pepperdine,24,12,12,.500,3.78,5.23,,7,6,,7,5,,3,5,,1830,1790,,980,639,1452,.440,149,548,.272,363,497,.730,241,865,333,164,46,322,471
246,Pittsburgh,21,10,11,.476,9.42,8.04,,6,10,,7,6,,3,5,,1493,1464,,840,517,1189,.435,158,486,.325,272,387,.703,188,693,331,123,91,257,376
247,Portland State,21,9,12,.429,-6.56,-5.44,,6,8,,7,6,,2,6,,1446,1386,,845,471,1094,.431,127,367,.346,317,451,.703,159,731,256,121,61,341,393
248,Portland,21,6,15,.286,-13.93,3.74,,0,11,,5,8,,1,6,,1459,1748,,845,661,1315,.503,204,544,.375,222,297,.747,213,814,405,137,91,299,402
249,Prairie View,18,14,4,.778,-7.41,-14.52,,13,0,,8,0,,5,3,,1270,1142,,720,388,920,.422,103,313,.329,263,436,.603,193,632,198,128,58,341,268
250,Presbyterian,22,7,15,.318,-13.28,-8.32,,5,12,,5,6,,2,9,,1411,1476,,885,506,1106,.458,138,399,.346,326,465,.701,184,703,254,156,81,331,411
251,Princeton,0,0,0,,,,,0,0,,0,0,,0,0,,,,,,,,,,,,,,,,,,,,,
252,Providence,25,13,12,.520,10.65,10.21,,9,10,,8,3,,4,7,,1754,1743,,1020,643,1479,.435,150,502,.299,307,436,.704,266,901,319,157,84,284,435
253,Purdue,26,18,8,.692,17.83,12.49,,13,6,,11,1,,5,6,,1842,1703,,1040,599,1454,.412,208,664,.313,295,443,.666,216,807,361,145,91,297,475
254,Quinnipiac,21,9,12,.429,-7.36,-6.93,,7,10,,8,5,,1,5,,1437,1446,,855,503,1302,.386,138,462,.299,302,426,.709,228,823,259,151,86,262,383
255,Radford,27,15,12,.556,-5.53,-5.93,,12,6,,9,5,,6,6,,1826,1745,,1100,628,1501,.418,222,603,.368,267,366,.730,224,789,311,169,72,330,513
256,Rhode Island,25,10,15,.400,6.22,5.86,,7,10,,6,3,,2,9,,1786,1777,,1020,622,1495,.416,186,563,.330,347,501,.693,247,877,341,175,95,314,475
257,Rice,25,13,12,.520,-4.30,-1.76,,6,10,,9,3,,3,9,,1875,1869,,1000,710,1575,.451,200,552,.362,249,355,.701,232,879,374,192,85,317,408
258,Richmond,21,13,8,.619,9.67,5.67,,6,5,,6,4,,5,3,,1574,1453,,840,546,1180,.463,136,425,.320,225,331,.680,189,735,252,110,56,322,320
259,Rider,22,6,16,.273,-11.03,-4.94,,5,13,,1,8,,4,8,,1493,1627,,885,573,1255,.457,177,507,.349,304,455,.668,200,761,305,141,72,258,378
260,Robert Morris,19,4,15,.211,-11.96,-4.30,,3,12,,3,6,,1,9,,1374,1494,,790,527,1125,.468,162,421,.385,278,385,.722,220,715,276,122,50,261,290
261,Rutgers,24,14,10,.583,15.52,13.19,,10,10,,10,4,,4,6,,1690,1634,,965,574,1377,.417,164,499,.329,322,450,.716,247,871,322,161,80,315,388
262,Sacramento State,19,8,11,.421,-8.27,-4.33,,5,9,,5,3,,3,8,,1360,1352,,775,493,1030,.479,124,363,.342,242,327,.740,147,620,254,88,37,245,330
263,Sacred Heart,18,9,9,.500,-10.22,-5.49,,9,7,,4,3,,5,6,,1265,1350,,735,506,1119,.452,122,371,.329,216,309,.699,210,676,233,106,74,191,325
264,Saint Francis (PA),22,6,16,.273,-8.40,-3.90,,5,13,,4,6,,2,10,,1515,1614,,890,591,1301,.454,157,501,.313,275,383,.718,221,784,294,152,80,288,394
265,Saint Joseph's,20,5,15,.250,-3.42,7.03,,3,9,,3,3,,1,9,,1443,1652,,825,602,1278,.471,165,470,.351,283,401,.706,226,830,331,145,69,259,322
266,Saint Louis,20,14,6,.700,13.10,2.75,,6,4,,12,1,,1,4,,1507,1300,,800,442,1064,.415,137,412,.333,279,386,.723,148,589,227,130,83,268,331
267,Saint Mary's (CA),23,14,9,.609,7.66,5.88,,4,6,,9,3,,2,3,,1475,1434,,920,533,1243,.429,119,342,.348,249,345,.722,167,732,197,120,76,286,365
268,Saint Peter's,23,13,10,.565,-4.23,-5.66,,10,8,,8,3,,4,7,,1458,1425,,920,470,1227,.383,155,463,.335,330,494,.668,237,832,264,156,99,363,411
269,Sam Houston State,27,19,8,.704,-2.77,-4.47,,13,3,,12,1,,7,6,,2160,1899,,1080,653,1559,.419,168,590,.285,425,604,.704,310,1019,366,174,80,483,488
270,Samford,19,6,13,.316,-8.40,-1.11,,2,9,,4,5,,2,7,,1460,1510,,775,501,1145,.438,196,563,.348,312,439,.711,178,686,300,152,55,271,320
271,San Diego State,24,20,4,.833,15.11,1.98,,14,3,,13,2,,6,2,,1786,1442,,965,489,1265,.387,190,584,.325,274,382,.717,193,762,302,117,65,368,446
272,San Diego,14,3,11,.214,-6.49,4.37,,2,7,,0,5,,3,5,,927,1079,,565,388,822,.472,100,260,.385,203,278,.730,123,547,190,98,44,186,229
273,San Francisco,25,11,14,.440,5.03,2.87,,4,9,,3,5,,4,6,,1786,1732,,1000,605,1339,.452,122,374,.326,400,535,.748,197,879,279,139,78,345,372
274,San Jose State,20,5,15,.250,-16.61,1.28,,2,12,,4,6,,0,8,,1301,1599,,800,592,1332,.444,162,526,.308,253,356,.711,270,904,307,127,72,210,335
275,Santa Clara,20,12,8,.600,-1.11,1.10,,4,5,,6,3,,4,3,,1393,1412,,800,503,1212,.415,142,439,.323,264,362,.729,180,723,262,121,55,246,430
276,Seattle,21,11,10,.524,-6.37,-5.43,,4,5,,6,3,,3,6,,1547,1431,,845,482,1158,.416,137,418,.328,330,445,.742,210,784,260,107,55,333,406
277,Seton Hall,25,13,12,.520,12.20,10.48,,10,9,,7,4,,6,7,,1789,1746,,1010,635,1455,.436,186,504,.369,290,385,.753,260,862,314,164,86,334,444
278,Siena,16,12,4,.750,-2.98,-8.04,,12,4,,6,2,,6,2,,1097,1016,,640,386,924,.418,93,284,.327,151,218,.693,148,516,156,98,45,188,293
279,South Alabama,28,17,11,.607,-5.45,-5.28,,10,7,,10,5,,6,5,,2075,1985,,1135,700,1706,.410,292,880,.332,293,394,.744,342,1062,413,168,111,388,451
280,South Carolina State,18,1,17,.056,-23.87,-6.54,,1,7,,1,6,,0,11,,1102,1414,,720,504,1030,.489,134,376,.356,272,371,.733,195,699,279,135,60,295,298
281,South Carolina Upstate,23,5,18,.217,-13.01,-4.51,,5,11,,3,8,,2,10,,1515,1712,,920,609,1289,.472,169,483,.350,325,465,.699,225,824,321,162,65,301,371
282,South Carolina,20,6,14,.300,4.55,10.65,,4,12,,3,6,,2,7,,1464,1586,,800,538,1164,.462,162,439,.369,348,458,.760,208,755,296,157,86,337,355
283,South Dakota State,23,16,7,.696,2.76,-2.56,,9,3,,8,1,,4,2,,1850,1690,,920,606,1390,.436,195,557,.350,283,357,.793,161,714,296,146,69,252,438
284,South Dakota,25,14,11,.560,-1.64,-3.89,,11,4,,7,2,,5,4,,1899,1805,,1000,616,1465,.420,202,580,.348,371,504,.736,218,854,263,117,58,277,467
285,South Florida,20,8,12,.400,-0.33,6.67,,4,10,,4,6,,3,4,,1309,1432,,805,506,1116,.453,162,471,.344,258,366,.705,173,669,299,132,75,251,366
286,Southeast Missouri State,27,11,16,.407,-9.66,-6.99,,9,11,,7,6,,3,9,,1864,1936,,1110,672,1478,.455,191,528,.362,401,575,.697,214,890,368,185,90,377,512
287,Southeastern Louisiana,24,7,17,.292,-16.89,-7.31,,5,11,,3,4,,4,13,,1641,1871,,975,649,1354,.479,191,531,.360,382,508,.752,230,866,379,159,80,377,525
288,Southern California,27,21,6,.778,17.67,7.45,,15,5,,13,2,,7,3,,2007,1731,,1090,630,1610,.391,191,568,.336,280,390,.718,272,860,342,152,77,324,510
289,SIU Edwardsville,26,9,17,.346,-14.37,-5.45,,7,12,,2,8,,6,7,,1709,1897,,1040,680,1504,.452,195,578,.337,342,501,.683,281,909,401,207,60,357,450
290,Southern Illinois,26,12,14,.462,-3.23,1.05,,5,13,,8,5,,3,8,,1704,1770,,1050,662,1447,.457,200,588,.340,246,342,.719,208,889,377,166,83,328,399
291,Southern Methodist,15,11,4,.733,12.05,4.38,,7,4,,6,2,,5,2,,1114,999,,600,342,865,.395,112,334,.335,203,294,.690,164,523,197,105,60,210,271
292,Southern Mississippi,24,8,16,.333,-6.54,-1.95,,4,13,,6,7,,2,9,,1553,1607,,965,566,1344,.421,200,600,.333,275,393,.700,201,817,296,165,53,318,369
293,Southern Utah,22,19,3,.864,0.22,-6.55,,12,2,,14,0,,5,3,,1853,1506,,880,550,1297,.424,165,504,.327,241,364,.662,168,677,287,113,57,300,441
294,Southern,18,8,10,.444,-12.96,-12.80,,8,6,,5,2,,3,7,,1260,1263,,730,431,1034,.417,108,328,.329,293,422,.694,164,615,204,135,74,269,332
295,St. Bonaventure,19,15,4,.789,14.94,4.73,,11,4,,8,1,,4,3,,1336,1142,,760,407,1050,.388,140,459,.305,188,292,.644,201,627,238,97,58,245,292
296,St. Francis (NY),19,9,10,.474,-8.22,-6.38,,9,9,,4,6,,5,4,,1476,1511,,765,520,1125,.462,146,383,.381,325,440,.739,205,704,271,116,79,280,338
297,St. John's (NY),26,16,10,.615,10.73,8.11,,10,9,,11,3,,4,6,,2063,1995,,1050,731,1574,.464,201,587,.342,332,489,.679,275,974,385,182,99,428,431
298,Stanford,26,14,12,.538,9.09,8.24,,10,10,,5,4,,6,6,,1825,1803,,1060,641,1557,.412,206,623,.331,315,421,.748,274,874,329,184,94,376,477
299,Stephen F. Austin,21,16,5,.762,-1.63,-8.47,,13,3,,10,1,,6,4,,1686,1484,,850,500,1134,.441,136,405,.336,348,466,.747,186,603,272,160,67,381,428
300,Stetson,25,11,14,.440,-7.28,-4.46,,7,9,,7,5,,3,8,,1800,1767,,1005,641,1412,.454,188,534,.352,297,418,.711,217,842,365,145,79,325,378
301,Stony Brook,23,9,14,.391,-5.20,-3.79,,7,9,,5,5,,4,8,,1522,1509,,930,533,1308,.407,173,521,.332,270,386,.699,227,816,290,150,67,305,413
302,Syracuse,23,15,8,.652,13.20,8.42,,9,7,,13,1,,2,7,,1738,1628,,925,588,1414,.416,195,619,.315,257,348,.739,289,882,407,132,76,340,367
303,Tarleton State,20,10,10,.500,-8.07,-3.80,,5,7,,6,3,,4,7,,1467,1246,,800,398,985,.404,157,455,.345,293,409,.716,187,672,282,69,75,389,374
304,Temple,15,5,10,.333,3.33,6.40,,4,10,,3,5,,2,5,,982,1028,,600,359,877,.409,118,341,.346,192,272,.706,156,547,200,85,49,168,273
305,Tennessee-Martin,24,8,16,.333,-18.85,-5.33,,6,14,,6,7,,2,9,,1571,1847,,970,650,1341,.485,207,562,.368,340,486,.700,257,886,413,164,79,348,402
306,Tennessee State,23,4,19,.174,-13.48,-6.62,,3,17,,4,8,,0,11,,1573,1702,,930,575,1292,.445,161,474,.340,391,559,.699,250,878,299,140,96,374,400
307,Tennessee Tech,27,5,22,.185,-13.45,-3.15,,5,15,,5,6,,0,16,,1797,2075,,1085,776,1615,.480,219,620,.353,304,431,.705,255,930,490,197,78,345,391
308,Tennessee,24,17,7,.708,18.13,8.38,,10,7,,13,3,,4,4,,1739,1505,,960,527,1311,.402,157,495,.317,294,409,.719,234,801,242,155,58,376,474
309,Texas A&M-Corpus Christi,24,5,19,.208,-16.69,-6.02,,2,13,,4,8,,1,10,,1554,1716,,960,616,1402,.439,158,487,.324,326,441,.739,239,871,360,205,68,338,426
310,Texas A&M,17,8,9,.471,3.02,5.20,,2,8,,6,4,,2,4,,1089,1126,,680,409,904,.452,143,421,.340,165,260,.635,162,544,277,115,62,258,291
311,Texas-Arlington,26,13,13,.500,-6.90,-4.25,,9,8,,9,4,,3,8,,1916,1827,,1045,659,1556,.424,197,552,.357,312,445,.701,287,1017,385,159,80,383,408
312,Texas Christian,25,12,13,.480,3.93,7.65,,5,11,,6,7,,3,6,,1688,1781,,1005,656,1465,.448,170,507,.335,299,431,.694,255,855,389,173,92,288,408
313,Texas-El Paso,23,12,11,.522,1.49,1.39,,8,8,,10,2,,2,9,,1628,1568,,925,549,1271,.432,140,414,.338,330,465,.710,184,808,252,120,63,299,361
314,Texas-Rio Grande Valley,18,9,9,.500,-9.47,-5.90,,2,5,,8,3,,1,6,,1315,1210,,720,410,1023,.401,93,327,.284,297,436,.681,217,719,244,121,57,338,396
315,Texas-San Antonio,24,14,10,.583,-1.33,-0.33,,9,7,,12,2,,2,8,,1911,1764,,960,608,1429,.425,188,553,.340,360,490,.735,233,876,305,136,70,339,384
316,Texas Southern,21,13,8,.619,-8.56,-10.31,,10,3,,8,2,,5,6,,1553,1475,,840,512,1264,.405,158,491,.322,293,412,.711,207,743,256,139,75,313,406
317,Texas State,25,18,7,.720,-3.66,-7.18,,12,3,,8,3,,9,3,,1660,1543,,1015,537,1272,.422,179,511,.350,290,416,.697,201,745,280,147,70,374,404
318,Texas Tech,26,17,9,.654,16.72,6.68,,9,8,,11,4,,5,4,,1906,1645,,1050,558,1366,.408,181,523,.346,348,510,.682,253,853,248,149,70,414,529
319,Texas,24,17,7,.708,16.22,9.52,,11,6,,8,5,,6,2,,1798,1637,,975,567,1386,.409,150,467,.321,353,518,.681,238,828,230,136,79,302,432
320,Toledo,27,20,7,.741,8.53,-1.43,,15,4,,12,1,,7,5,,2196,1927,,1090,717,1703,.421,201,693,.290,292,402,.726,315,1000,332,148,82,336,475
321,Towson,18,4,14,.222,-8.97,-1.47,,3,9,,4,4,,0,6,,1214,1349,,730,478,1067,.448,167,436,.383,226,313,.722,192,626,232,98,59,195,318
322,Troy,28,11,17,.393,-11.42,-3.42,,4,12,,7,4,,2,11,,1829,1942,,1125,696,1627,.428,221,622,.355,329,490,.671,262,1008,372,224,110,375,516
323,Tulane,21,9,12,.429,0.98,2.93,,4,12,,6,6,,3,6,,1341,1382,,840,487,1157,.421,173,488,.355,235,355,.662,219,803,328,115,68,326,354
324,Tulsa,22,11,11,.500,5.06,6.01,,7,9,,7,5,,4,4,,1503,1432,,880,494,1215,.407,175,517,.338,269,418,.644,246,773,274,162,54,331,380
325,UCLA,25,17,8,.680,12.93,8.25,,13,6,,11,1,,5,6,,1815,1698,,1025,615,1400,.439,190,544,.349,278,380,.732,197,770,303,123,70,296,450
326,Utah State,25,18,7,.720,11.01,0.14,,13,4,,10,2,,5,3,,1859,1572,,1000,552,1394,.396,203,590,.344,265,358,.740,178,747,297,160,87,361,449
327,Utah Valley,21,11,10,.524,-3.57,-2.52,,9,4,,8,4,,3,6,,1570,1557,,845,540,1270,.425,148,433,.342,329,434,.758,184,678,294,145,63,238,445
328,Utah,23,11,12,.478,9.75,7.10,,8,11,,8,5,,3,7,,1620,1559,,920,574,1299,.442,166,463,.359,245,338,.725,234,777,303,145,89,310,384
329,Valparaiso,28,10,18,.357,-3.63,1.71,,7,11,,6,6,,4,11,,1821,1902,,1130,701,1606,.436,191,575,.332,309,446,.693,252,1032,370,170,68,365,428
330,Vanderbilt,23,8,15,.348,6.57,7.44,,3,13,,6,7,,2,8,,1652,1672,,920,594,1292,.460,165,482,.342,319,445,.717,212,791,308,160,101,320,403
331,Vermont,15,10,5,.667,2.88,-6.72,,10,4,,6,3,,4,2,,1095,951,,610,330,810,.407,101,324,.312,190,271,.701,120,467,145,76,33,192,291
332,Villanova,21,16,5,.762,18.50,9.65,,11,4,,9,0,,4,4,,1591,1405,,845,524,1168,.449,166,474,.350,191,291,.656,169,685,254,86,63,266,351
333,Virginia Commonwealth,25,19,6,.760,12.57,5.41,,10,4,,12,2,,5,3,,1799,1620,,1005,565,1395,.405,148,492,.301,342,496,.690,280,863,290,165,77,426,438
334,VMI,25,13,12,.520,0.26,-0.10,,7,7,,11,1,,1,10,,2001,1897,,1010,700,1640,.427,239,708,.338,258,382,.675,249,913,326,172,65,257,407
335,Virginia Tech,20,15,5,.750,14.09,6.74,,9,4,,10,2,,3,3,,1442,1295,,810,459,1101,.417,143,437,.327,234,332,.705,158,629,215,116,63,237,346
336,Virginia,23,17,6,.739,16.98,8.59,,13,4,,10,1,,6,3,,1575,1382,,925,505,1215,.416,153,451,.339,219,296,.740,166,670,263,117,53,216,285
337,Wagner,20,13,7,.650,-3.36,-5.91,,13,5,,7,3,,6,4,,1425,1374,,815,450,1036,.434,142,411,.345,332,459,.723,182,645,263,125,72,284,332
338,Wake Forest,21,6,15,.286,2.78,9.28,,3,15,,5,6,,1,9,,1381,1503,,845,539,1155,.467,155,416,.373,270,387,.698,175,717,291,164,97,261,318
339,Washington State,26,14,12,.538,6.14,4.71,,7,12,,11,5,,3,6,,1794,1757,,1070,624,1507,.414,159,502,.317,350,494,.709,248,904,349,175,93,339,495
340,Washington,25,5,20,.200,-0.47,9.53,,4,16,,4,7,,1,9,,1664,1914,,1000,687,1530,.449,169,498,.339,371,522,.711,311,985,396,147,76,302,420
341,Weber State,22,17,5,.773,2.89,-6.16,,12,3,,11,0,,6,5,,1806,1514,,880,537,1289,.417,156,464,.336,284,396,.717,192,686,277,134,47,309,418
342,West Virginia,26,18,8,.692,16.05,10.55,,11,6,,8,5,,7,2,,2018,1875,,1055,689,1558,.442,189,584,.324,308,441,.698,287,917,356,162,64,381,549
343,Western Carolina,27,11,16,.407,-6.80,-1.40,,4,13,,6,5,,4,9,,2039,2129,,1105,785,1688,.465,242,671,.361,317,459,.691,233,943,377,195,71,321,526
344,Western Illinois,22,7,15,.318,-12.64,-4.78,,5,9,,2,5,,4,9,,1606,1746,,880,608,1286,.473,173,439,.394,357,491,.727,173,802,310,128,91,266,448
345,Western Kentucky,24,18,6,.750,5.19,-0.14,,11,3,,11,2,,5,3,,1773,1645,,965,600,1420,.423,205,570,.360,240,327,.734,203,736,289,173,94,323,431
346,Western Michigan,21,5,16,.238,-10.16,0.14,,4,12,,2,9,,3,7,,1325,1511,,840,560,1291,.434,156,496,.315,235,324,.725,220,761,231,163,52,213,329
347,Wichita State,19,15,4,.789,10.35,7.41,,11,2,,10,2,,5,2,,1393,1289,,770,465,1160,.401,128,446,.287,231,334,.692,240,749,234,104,49,245,353
348,William & Mary,17,7,10,.412,-10.28,-3.04,,4,6,,1,3,,5,6,,1101,1224,,685,465,1026,.453,116,356,.326,178,244,.730,188,613,245,120,90,195,293
349,Winthrop,24,23,1,.958,5.25,-7.50,,17,1,,11,1,,10,0,,1909,1603,,960,574,1332,.431,157,485,.324,298,450,.662,184,751,249,144,80,392,503
350,Wisconsin,27,16,11,.593,18.16,12.31,,10,10,,11,5,,5,6,,1887,1729,,1090,625,1484,.421,172,509,.338,307,435,.706,223,949,325,116,97,324,439
351,Wofford,24,15,9,.625,2.31,0.31,,12,5,,9,3,,6,4,,1784,1627,,965,599,1373,.436,195,580,.336,234,341,.686,215,779,290,154,67,311,375
352,Wright State,24,18,6,.750,8.08,-6.47,,16,4,,9,4,,9,2,,1967,1618,,965,615,1534,.401,154,504,.306,234,334,.701,244,791,272,172,51,290,465
353,Wyoming,23,13,10,.565,-2.60,-2.56,,5,9,,7,5,,4,5,,1738,1739,,930,641,1335,.480,133,411,.324,324,461,.703,224,859,288,132,80,304,451
354,Xavier,20,13,7,.650,12.60,7.70,,6,7,,11,2,,2,5,,1502,1404,,805,515,1250,.412,156,466,.335,218,297,.734,211,737,296,112,55,234,330
355,Yale,0,0,0,,,,,0,0,,0,0,,0,0,,,,,,,,,,,,,,,,,,,,,
356,Youngstown State,27,15,12,.556,-8.61,-7.00,,9,11,,10,5,,5,7,,2010,1950,,1095,718,1569,.458,219,622,.352,295,411,.718,257,940,377,155,83,385,472