,,Overall,Overall,Overall,Overall,Overall,Overall,,Conf.,Conf.,,Home,Home,,Away,Away,,Points,Points,,Totals,Totals,Totals,Totals,Totals,Totals,Totals,Totals,Totals,Totals,Totals,Totals,Totals,Totals,Totals,Totals,Totals
Rk,School,G,W,L,W-L%,SRS,SOS,,W,L,,W,L,,W,L,,Tm.,Opp.,,MP,FG,FGA,FG%,3P,3PA,3P%,FT,FTA,FT%,ORB,TRB,AST,STL,BLK,TOV,PF
1,Abilene Christian,25,21,4,.840,5.18,-8.11,,13,2,,13,0,,5,4,,1924,1518,,1000,686,1500,.457,194,563,.345,358,539,.664,282,892,450,245,79,348,497
2,Air Force,24,5,19,.208,-12.26,0.32,,3,17,,3,8,,1,10,,1416,1718,,960,500,1119,.447,172,509,.338,244,351,.695,109,563,294,168,55,348,402
3,Akron,21,14,7,.667,2.88,-1.33,,12,6,,9,1,,5,5,,1650,1512,,845,573,1280,.448,204,605,.337,300,396,.758,237,815,285,110,76,255,380
4,Alabama A&M,15,6,9,.400,-18.99,-15.12,,4,9,,5,2,,1,7,,950,1008,,610,347,868,.400,83,286,.290,173,276,.627,160,577,165,82,54,229,273
5,Alabama-Birmingham,27,21,6,.778,6.12,-3.92,,13,5,,15,2,,6,4,,1972,1624,,1080,735,1619,.454,137,447,.306,365,526,.694,284,992,289,218,112,286,416
6,Alabama State,18,4,14,.222,-24.45,-17.12,,4,14,,3,6,,1,8,,1156,1288,,720,383,1009,.380,111,350,.317,279,431,.647,205,653,175,110,43,291,343
7,Alabama,27,21,6,.778,19.55,10.26,,16,2,,12,1,,7,3,,2149,1898,,1080,744,1728,.431,288,812,.355,373,522,.715,325,1088,381,234,112,385,506
8,Albany (NY),16,7,9,.438,-3.62,-4.31,,6,6,,4,5,,2,4,,1110,1099,,640,395,883,.447,102,303,.337,218,301,.724,110,480,187,98,29,201,285
9,Alcorn State,18,6,12,.333,-19.11,-10.33,,6,7,,4,3,,2,9,,1201,1359,,720,415,1043,.398,107,350,.306,264,358,.737,192,572,163,137,30,258,376
10,American,10,4,6,.400,-2.96,1.54,,4,5,,2,2,,2,4,,691,736,,420,248,557,.445,90,238,.378,105,149,.705,78,326,128,73,47,158,193
11,Appalachian State,28,17,11,.607,-5.08,-4.99,,7,8,,9,4,,4,7,,1986,1806,,1145,674,1626,.415,227,701,.324,411,558,.737,307,1007,333,225,97,329,386
12,Arizona State,23,10,13,.435,5.57,8.01,,7,10,,7,6,,2,6,,1721,1777,,930,604,1395,.433,167,497,.336,346,475,.728,185,735,299,162,79,249,446
13,Arizona,26,17,9,.654,12.90,6.05,,11,9,,12,4,,5,5,,1961,1783,,1050,667,1492,.447,174,468,.372,453,623,.727,305,997,403,152,104,309,463
14,Little Rock,26,11,15,.423,-6.01,-5.05,,7,11,,7,4,,2,8,,1786,1782,,1050,638,1401,.455,147,472,.311,363,517,.702,261,898,354,165,86,392,415
15,Arkansas-Pine Bluff,24,4,20,.167,-22.57,-7.57,,3,12,,2,3,,2,17,,1487,1847,,970,504,1303,.387,118,381,.310,361,502,.719,232,778,227,154,92,382,440
16,Arkansas State,24,11,13,.458,-7.66,-5.57,,7,8,,9,3,,1,9,,1741,1667,,965,621,1390,.447,154,402,.383,345,478,.722,265,892,347,158,68,313,385
17,Arkansas,26,21,5,.808,18.54,5.89,,13,4,,16,1,,5,4,,2166,1837,,1045,773,1694,.456,209,608,.344,411,552,.745,310,1041,390,212,134,332,438
18,Army,20,12,8,.600,5.05,4.94,,7,7,,5,4,,5,3,,1448,1385,,805,539,1167,.462,163,481,.339,207,329,.629,164,701,295,128,30,258,312
19,Auburn,27,13,14,.481,10.49,9.74,,7,11,,8,5,,3,8,,2084,2064,,1090,711,1628,.437,245,751,.326,417,589,.708,348,1063,400,168,163,438,482
20,Austin Peay,27,14,13,.519,-6.16,-7.72,,10,10,,8,5,,4,6,,2007,1890,,1090,733,1617,.453,194,573,.339,347,462,.751,341,931,357,183,54,397,472
21,Ball State,22,10,12,.455,-1.15,-0.47,,8,9,,7,4,,3,8,,1630,1645,,885,581,1309,.444,185,542,.341,283,379,.747,213,804,309,121,52,316,416
22,Baylor,22,21,1,.955,24.92,5.19,,13,1,,11,0,,7,1,,1877,1443,,885,691,1389,.497,233,543,.429,262,382,.686,282,804,384,202,82,265,375
23,Bellarmine,20,13,7,.650,-1.81,-6.09,,10,3,,6,4,,7,2,,1486,1307,,800,562,1091,.515,128,341,.375,234,314,.745,159,608,316,143,42,222,307
24,Belmont,30,26,4,.867,4.05,-8.13,,18,2,,11,1,,10,2,,2439,2074,,1205,894,1829,.489,271,787,.344,380,515,.738,264,1072,547,232,87,361,438
25,Binghamton,18,4,14,.222,-11.37,-4.48,,4,10,,1,9,,3,5,,1178,1302,,735,430,1039,.414,156,472,.331,162,241,.672,191,642,199,90,55,250,307
26,Boise State,25,18,7,.720,10.18,0.77,,14,6,,11,1,,6,6,,1899,1636,,1005,667,1471,.453,192,564,.340,373,502,.743,234,899,336,165,73,287,422
27,Boston College,19,4,15,.211,3.15,9.88,,2,11,,3,5,,0,7,,1376,1504,,765,482,1140,.423,179,531,.337,233,331,.704,171,636,224,135,77,254,311
28,Boston University,18,7,11,.389,1.12,5.67,,6,10,,2,6,,5,5,,1249,1331,,720,451,1034,.436,125,392,.319,222,296,.750,181,636,184,98,53,223,305
29,Bowling Green State,24,14,10,.583,1.63,-1.11,,10,8,,4,7,,10,3,,1896,1812,,970,675,1594,.423,204,621,.329,342,463,.739,300,917,310,178,49,249,409
30,Bradley,28,12,16,.429,0.80,1.65,,6,12,,8,6,,2,9,,1948,1864,,1130,736,1636,.450,192,603,.318,284,393,.723,284,1033,382,144,98,346,455
31,Brigham Young,25,20,5,.800,14.68,5.18,,10,3,,11,2,,7,2,,1969,1692,,1015,720,1490,.483,222,588,.378,307,420,.731,239,990,417,119,71,338,447
32,Brown,0,0,0,,,,,0,0,,0,0,,0,0,,,,,,,,,,,,,,,,,,,,,
33,Bryant,20,15,5,.750,1.50,-5.87,,10,4,,10,0,,5,5,,1693,1498,,800,584,1235,.473,190,490,.388,335,445,.753,214,811,320,138,70,313,327
34,Bucknell,11,5,6,.455,-3.50,-3.59,,4,6,,2,3,,3,3,,824,823,,440,282,618,.456,80,239,.335,180,234,.769,71,374,132,64,36,142,195
35,Buffalo,21,14,7,.667,8.31,-1.34,,12,5,,8,3,,5,3,,1737,1527,,845,658,1413,.466,144,442,.326,277,407,.681,309,926,348,177,86,290,382
36,Butler,23,9,14,.391,6.37,10.67,,8,12,,8,4,,1,9,,1462,1561,,930,526,1276,.412,163,506,.322,247,386,.640,207,747,284,126,46,265,383
37,Cal Poly,22,3,19,.136,-15.81,-2.72,,1,15,,3,8,,0,11,,1339,1560,,885,473,1206,.392,137,447,.306,256,358,.715,175,715,268,135,79,312,408
38,Cal State Bakersfield,25,15,10,.600,-1.11,-3.55,,11,7,,9,2,,6,8,,1755,1607,,1005,659,1479,.446,143,403,.355,294,411,.715,339,933,354,161,77,320,482
39,Cal State Fullerton,15,6,9,.400,-6.75,-3.60,,5,9,,5,4,,1,5,,1150,1170,,605,403,886,.455,118,306,.386,226,304,.743,125,490,206,99,31,195,255
40,Cal State Northridge,21,9,12,.429,-8.88,-2.93,,5,9,,4,7,,4,4,,1523,1624,,845,540,1254,.431,165,473,.349,278,387,.718,194,699,286,135,45,248,366
41,California Baptist,22,13,9,.591,-5.46,-6.18,,6,6,,11,4,,2,5,,1754,1591,,885,613,1283,.478,209,528,.396,319,434,.735,215,821,393,112,53,295,436
42,UC-Davis,16,9,7,.563,-7.50,-6.63,,7,5,,4,3,,4,3,,1182,1162,,655,404,921,.439,95,286,.332,279,356,.784,150,519,174,125,45,230,324
43,UC-Irvine,24,16,8,.667,2.33,-2.22,,13,4,,10,1,,6,6,,1751,1521,,970,663,1464,.453,119,352,.338,306,407,.752,283,968,298,187,93,316,399
44,UC-Riverside,20,13,7,.650,3.52,-4.03,,10,5,,5,4,,7,3,,1421,1270,,810,527,1158,.455,186,489,.380,181,261,.693,175,742,286,103,48,246,348
45,UC-San Diego,17,7,10,.412,-8.00,-0.07,,4,10,,7,3,,0,7,,1214,1226,,685,447,973,.459,188,500,.376,132,207,.638,99,501,294,116,37,225,232
46,UC-Santa Barbara,23,19,4,.826,6.11,-3.80,,15,3,,11,0,,8,4,,1744,1428,,930,637,1310,.486,158,446,.354,312,420,.743,217,809,389,173,69,257,376
47,University of California,27,8,19,.296,1.39,7.20,,3,17,,6,8,,1,11,,1763,1889,,1080,615,1437,.428,188,580,.324,345,498,.693,221,856,326,120,60,344,476
48,Campbell,27,17,10,.630,-6.13,-6.65,,11,6,,9,3,,6,7,,1917,1840,,1095,699,1409,.496,195,520,.375,324,478,.678,165,767,387,165,61,327,459
49,Canisius,13,7,6,.538,-7.48,-6.71,,7,5,,3,1,,4,4,,915,925,,520,321,786,.408,97,327,.297,176,248,.710,130,450,165,73,46,156,234
50,Central Arkansas,24,5,19,.208,-14.65,-1.78,,4,12,,4,5,,1,14,,1701,1933,,960,606,1388,.437,170,468,.363,319,445,.717,246,889,322,121,64,419,433
51,Central Connecticut State,21,5,16,.238,-13.10,-4.24,,5,13,,3,6,,2,9,,1439,1625,,840,522,1230,.424,150,463,.324,245,349,.702,179,664,270,145,54,298,359
52,Central Florida,21,10,11,.476,6.12,8.64,,8,10,,6,3,,4,8,,1412,1465,,845,497,1153,.431,167,463,.361,251,341,.736,197,694,255,143,65,310,358
53,Central Michigan,23,7,16,.304,-11.18,-3.03,,3,13,,5,7,,2,9,,1766,1835,,920,631,1417,.445,152,462,.329,352,523,.673,241,833,246,188,67,307,396
54,Charleston Southern,21,3,18,.143,-15.99,-5.49,,2,15,,1,9,,2,8,,1375,1550,,845,480,1182,.406,160,506,.316,255,357,.714,214,778,217,129,80,346,385
55,Charlotte,24,9,15,.375,-4.93,-1.97,,5,11,,6,7,,3,8,,1525,1596,,985,528,1207,.437,138,424,.325,331,454,.729,163,741,274,133,70,325,350
56,Chattanooga,26,18,8,.692,-1.00,-2.37,,9,7,,9,3,,9,4,,1888,1801,,1050,667,1522,.438,218,607,.359,336,429,.783,217,881,319,178,48,289,370
57,Chicago State,9,0,9,.000,-31.36,1.86,,0,0,,0,0,,0,7,,499,798,,360,180,497,.362,51,203,.251,88,126,.698,54,234,89,49,13,140,178
58,Cincinnati,20,10,10,.500,4.62,6.67,,8,6,,5,5,,5,5,,1397,1438,,800,503,1167,.431,142,456,.311,249,378,.659,205,717,300,133,71,290,391
59,Citadel,25,13,12,.520,-5.49,-0.87,,5,11,,11,3,,1,8,,2019,1959,,1000,708,1566,.452,256,720,.356,347,495,.701,237,944,389,136,108,302,405
60,Clemson,22,16,6,.727,14.10,10.51,,10,6,,11,1,,2,5,,1438,1359,,885,518,1215,.426,180,532,.338,222,292,.760,192,726,290,135,63,277,347
61,Cleveland State,25,18,7,.720,-4.10,-4.58,,16,4,,9,2,,8,5,,1778,1766,,1025,648,1444,.449,163,505,.323,319,475,.672,271,871,343,174,58,327,483
62,Coastal Carolina,23,16,7,.696,-1.92,-7.92,,9,5,,12,1,,3,5,,1836,1535,,925,652,1419,.459,202,559,.361,330,452,.730,316,1005,356,195,96,344,380
63,Colgate,13,12,1,.923,19.09,1.93,,11,1,,6,1,,6,0,,1105,882,,525,400,809,.494,111,296,.375,194,265,.732,119,517,219,92,46,133,209
64,College of Charleston,19,9,10,.474,-4.08,-2.26,,6,4,,8,6,,1,3,,1341,1329,,780,481,1066,.451,158,422,.374,221,311,.711,156,623,201,100,53,197,324
65,Colorado State,22,17,5,.773,9.19,-0.81,,14,4,,10,1,,6,4,,1669,1447,,880,572,1187,.482,195,530,.368,330,414,.797,160,768,334,121,54,311,381
66,Colorado,27,20,7,.741,17.47,6.73,,14,6,,11,1,,6,6,,1990,1700,,1080,703,1537,.457,203,554,.366,381,457,.834,257,947,369,144,77,303,442
67,Columbia,0,0,0,,,,,0,0,,0,0,,0,0,,,,,,,,,,,,,,,,,,,,,
68,Connecticut,20,14,6,.700,16.34,9.19,,11,6,,7,3,,6,3,,1446,1303,,805,528,1189,.444,137,398,.344,253,349,.725,257,753,257,124,107,242,385
69,Coppin State,21,9,12,.429,-11.44,-5.82,,8,4,,5,3,,4,9,,1541,1659,,840,509,1236,.412,188,611,.308,335,535,.626,158,759,272,182,68,328,372
70,Cornell,0,0,0,,,,,0,0,,0,0,,0,0,,,,,,,,,,,,,,,,,,,,,
71,Creighton,25,18,7,.720,18.04,8.68,,14,6,,11,3,,7,4,,1961,1727,,1010,722,1498,.482,245,666,.368,272,418,.651,205,896,404,181,90,275,385
72,Dartmouth,0,0,0,,,,,0,0,,0,0,,0,0,,,,,,,,,,,,,,,,,,,,,
73,Davidson,21,13,8,.619,10.71,4.11,,7,4,,7,4,,4,2,,1518,1336,,845,550,1162,.473,209,570,.367,209,305,.685,190,734,318,108,54,226,312
74,Dayton,23,14,9,.609,7.59,5.07,,9,7,,8,3,,4,6,,1614,1556,,945,567,1189,.477,185,495,.374,295,410,.720,159,766,316,103,45,335,356
75,Delaware State,19,3,16,.158,-23.65,-5.89,,1,11,,3,6,,0,10,,1345,1629,,765,468,1183,.396,152,492,.309,257,357,.720,205,678,216,123,69,321,405
76,Delaware,15,7,8,.467,-4.30,-4.16,,5,4,,6,3,,1,4,,1013,1012,,600,347,793,.438,107,321,.333,212,297,.714,131,526,188,69,54,215,262
77,Denver,21,2,19,.095,-17.15,-6.55,,1,13,,2,10,,0,9,,1466,1662,,850,519,1172,.443,141,403,.350,287,398,.721,156,636,251,120,54,311,431
78,DePaul,17,4,13,.235,4.14,9.49,,2,13,,2,8,,2,5,,1120,1211,,690,435,1043,.417,95,300,.317,155,229,.677,206,639,202,119,69,270,327
79,Detroit Mercy,22,12,10,.545,-2.30,-4.85,,10,6,,7,5,,5,5,,1683,1627,,885,598,1290,.464,225,575,.391,262,326,.804,197,719,315,150,54,253,313
80,Dixie State,21,8,13,.381,-14.84,-4.26,,4,10,,5,7,,3,6,,1461,1603,,840,514,1227,.419,128,418,.306,305,427,.714,200,740,321,143,43,320,439
81,Drake,29,25,4,.862,9.73,-1.45,,15,3,,14,1,,9,2,,2245,1875,,1170,868,1757,.494,204,552,.370,305,428,.713,300,1043,399,207,86,299,455
82,Drexel,18,11,7,.611,0.26,-4.25,,4,5,,3,2,,4,5,,1295,1214,,720,474,990,.479,128,354,.362,219,282,.777,159,606,277,87,43,231,281
83,Duke,22,11,11,.500,12.75,9.84,,9,9,,8,5,,3,6,,1668,1604,,890,634,1360,.466,180,524,.344,220,316,.696,244,775,354,180,102,285,380
84,Duquesne,18,9,9,.500,3.43,3.60,,7,7,,5,2,,2,5,,1205,1208,,720,438,1040,.421,115,385,.299,214,329,.650,205,654,241,121,80,240,310
85,East Carolina,18,8,10,.444,1.57,3.98,,2,10,,7,6,,1,4,,1207,1219,,725,424,1033,.410,106,343,.309,253,347,.729,179,622,286,109,58,233,306
86,East Tennessee State,25,13,12,.520,2.10,0.75,,8,7,,8,4,,3,5,,1736,1654,,1005,620,1416,.438,201,575,.350,295,423,.697,253,897,295,184,64,339,431
87,Eastern Illinois,27,9,18,.333,-12.07,-6.55,,6,14,,5,7,,4,11,,1874,2023,,1095,707,1623,.436,186,574,.324,274,417,.657,285,944,360,193,88,383,435
88,Eastern Kentucky,29,22,7,.759,-2.05,-7.61,,15,5,,10,2,,9,4,,2372,2137,,1180,871,1946,.448,279,778,.359,351,497,.706,306,1033,461,299,103,372,533
89,Eastern Michigan,18,6,12,.333,-12.98,0.02,,3,11,,5,4,,1,8,,1267,1362,,720,448,1077,.416,128,411,.311,243,326,.745,169,594,198,160,42,221,274
90,Eastern Washington,20,13,7,.650,2.22,-4.62,,12,3,,7,2,,6,5,,1586,1432,,800,564,1207,.467,175,485,.361,283,358,.791,154,705,305,99,58,225,349
91,Elon,18,10,8,.556,-4.36,-3.83,,4,7,,4,2,,3,6,,1193,1172,,720,424,1023,.414,150,454,.330,195,263,.741,159,626,199,98,38,213,347
92,Evansville,25,9,16,.360,-4.42,0.42,,7,11,,8,4,,1,10,,1619,1740,,1015,571,1299,.440,240,637,.377,237,330,.718,149,670,291,122,56,274,377
93,Fairfield,23,7,16,.304,-12.14,-5.70,,7,11,,4,8,,3,8,,1427,1575,,925,501,1249,.401,139,444,.313,286,413,.692,227,803,240,106,50,304,417
94,Fairleigh Dickinson,24,9,15,.375,-8.36,-4.65,,8,10,,4,6,,5,9,,1801,1890,,970,645,1432,.450,194,517,.375,317,445,.712,244,813,287,182,93,340,439
95,Florida A&M,19,8,11,.421,-11.52,-8.68,,7,5,,4,1,,4,10,,1239,1293,,760,471,1063,.443,92,286,.322,205,316,.649,195,670,246,122,49,321,337
96,Florida Atlantic,21,12,9,.571,-2.37,-5.60,,7,5,,7,1,,4,7,,1651,1392,,845,605,1297,.466,204,544,.375,237,364,.651,266,857,306,163,59,288,378
97,Florida Gulf Coast,18,10,8,.556,-9.38,-6.88,,4,4,,7,4,,2,2,,1292,1242,,720,483,1126,.429,146,499,.293,180,271,.664,206,700,246,134,77,265,280
98,Florida International,26,9,17,.346,-10.81,-2.86,,2,15,,7,8,,2,9,,1914,1985,,1055,690,1604,.430,273,816,.335,261,392,.666,252,847,388,219,105,380,463
99,Florida State,20,15,5,.750,18.60,9.05,,11,4,,12,1,,3,4,,1592,1401,,810,568,1204,.472,168,436,.385,288,391,.737,233,747,299,154,101,272,365
100,Florida,21,13,8,.619,15.70,10.89,,9,7,,6,3,,5,5,,1566,1465,,840,560,1192,.470,141,397,.355,305,405,.753,209,738,250,159,118,309,395
101,Fordham,14,2,12,.143,-10.44,4.35,,2,11,,2,5,,0,6,,725,932,,560,257,716,.359,79,294,.269,132,197,.670,95,415,153,87,28,187,221
102,Fresno State,22,11,11,.500,-3.45,0.45,,9,11,,7,5,,4,6,,1444,1469,,885,501,1186,.422,147,457,.322,295,441,.669,243,784,225,144,62,306,384
103,Furman,25,16,9,.640,6.57,-1.12,,10,5,,11,1,,5,7,,1990,1723,,1005,730,1499,.487,242,708,.342,288,398,.724,223,879,416,205,84,313,428
104,Gardner-Webb,26,11,15,.423,-3.15,-5.42,,10,10,,7,4,,4,11,,1837,1778,,1040,651,1465,.444,232,643,.361,303,439,.690,239,895,339,153,125,304,492
105,George Mason,22,13,9,.591,2.96,1.53,,8,6,,7,3,,3,4,,1569,1538,,905,578,1347,.429,160,487,.329,253,394,.642,254,834,287,159,93,282,353
106,George Washington,17,5,12,.294,-4.58,-0.41,,3,5,,3,6,,1,5,,1158,1229,,685,411,928,.443,102,315,.324,234,335,.699,136,582,194,107,46,233,247
107,Georgetown,21,9,12,.429,8.92,10.64,,7,9,,7,6,,2,6,,1505,1541,,845,529,1245,.425,179,489,.366,268,355,.755,244,839,284,122,86,332,345
108,Georgia Southern,26,13,13,.500,-9.54,-5.58,,7,9,,9,4,,4,8,,1860,1762,,1070,686,1536,.447,194,608,.319,294,463,.635,306,964,322,210,101,374,444
109,Georgia State,22,16,6,.727,-1.01,-3.91,,8,4,,9,1,,5,4,,1767,1599,,900,649,1386,.468,178,497,.358,291,425,.685,250,826,369,157,97,255,365
110,Georgia Tech,23,15,8,.652,14.03,8.42,,11,6,,11,3,,4,5,,1738,1609,,945,640,1347,.475,177,504,.351,281,385,.730,183,716,373,206,78,260,360
111,Georgia,25,14,11,.560,7.19,8.52,,7,11,,12,5,,2,6,,1944,1954,,1005,708,1543,.459,157,493,.318,371,538,.690,308,939,374,214,61,420,466
112,Gonzaga,25,25,0,1.000,26.60,3.08,,15,0,,12,0,,7,0,,2307,1719,,1000,859,1555,.552,178,494,.360,411,563,.730,242,950,462,212,72,309,422
113,Grambling,22,11,11,.500,-14.64,-13.02,,9,6,,6,4,,5,7,,1482,1507,,880,514,1202,.428,114,344,.331,340,509,.668,181,751,313,182,67,335,392
114,Grand Canyon,21,15,6,.714,2.08,-5.70,,9,3,,10,3,,5,1,,1583,1302,,840,592,1203,.492,140,428,.327,259,383,.676,215,831,348,101,61,278,364
115,Green Bay,25,8,17,.320,-9.01,-4.09,,8,12,,6,6,,2,11,,1790,1913,,1030,656,1507,.435,170,511,.333,308,411,.749,228,817,352,138,90,269,405
116,Hampton,25,11,14,.440,-12.99,-8.59,,9,9,,5,7,,6,7,,1721,1831,,1000,619,1437,.431,185,557,.332,298,411,.725,196,844,292,152,149,318,426
117,Hartford,22,14,8,.636,-3.32,-5.42,,8,6,,9,1,,5,6,,1451,1405,,880,523,1196,.437,171,514,.333,234,333,.703,180,726,246,152,43,282,356
118,Harvard,0,0,0,,,,,0,0,,0,0,,0,0,,,,,,,,,,,,,,,,,,,,,
119,Hawaii,20,11,9,.550,-4.13,-4.40,,9,9,,7,5,,4,4,,1451,1390,,815,515,1156,.446,159,436,.365,262,364,.720,210,721,236,115,30,277,338
120,High Point,24,9,15,.375,-10.05,-6.84,,6,11,,5,5,,4,10,,1600,1677,,965,564,1357,.416,115,396,.290,357,520,.687,279,851,292,158,90,303,428
121,Hofstra,23,13,10,.565,-1.82,-1.99,,8,6,,7,3,,5,6,,1683,1679,,925,595,1342,.443,174,527,.330,319,445,.717,241,816,293,152,68,279,368
122,Holy Cross,16,5,11,.313,-0.12,5.31,,5,11,,2,7,,3,4,,1130,1217,,645,423,951,.445,111,312,.356,173,248,.698,150,521,190,108,61,206,305
123,Houston Baptist,23,5,18,.217,-16.97,-4.88,,4,11,,4,6,,1,12,,1644,1877,,925,587,1368,.429,191,556,.344,279,380,.734,208,776,331,156,87,391,392
124,Houston,24,21,3,.875,21.82,4.26,,14,3,,15,0,,5,3,,1852,1382,,960,650,1485,.438,222,623,.356,330,450,.733,352,990,326,205,110,265,453
125,Howard,5,1,4,.200,-13.70,-1.95,,0,0,,1,1,,0,0,,363,424,,200,123,283,.435,38,123,.309,79,110,.718,41,177,74,26,25,72,89
126,Idaho State,23,13,10,.565,-9.21,-6.82,,8,6,,8,3,,5,5,,1574,1410,,930,541,1203,.450,163,480,.340,329,465,.708,229,831,270,105,81,345,413
127,Idaho,21,1,20,.048,-19.92,-4.01,,1,17,,1,9,,0,11,,1279,1613,,850,464,1083,.428,116,342,.339,235,322,.730,148,625,254,105,42,343,398
128,Illinois-Chicago,22,9,13,.409,-10.99,-6.35,,6,10,,7,4,,2,9,,1489,1591,,890,558,1301,.429,178,544,.327,195,296,.659,183,766,297,81,68,291,409
129,Illinois State,25,7,18,.280,-4.99,0.84,,4,14,,3,8,,3,9,,1799,1870,,1015,679,1477,.460,195,566,.345,246,372,.661,206,881,345,150,84,345,411
130,Illinois,26,20,6,.769,24.28,12.09,,16,4,,11,2,,9,3,,2098,1781,,1050,758,1516,.500,180,471,.382,402,586,.686,274,1044,420,146,73,350,462
131,Incarnate Word,21,8,13,.381,-15.45,-8.12,,5,9,,5,7,,3,6,,1427,1498,,845,499,1120,.446,163,428,.381,266,377,.706,160,651,260,114,39,295,370
132,Indiana State,25,15,10,.600,2.49,2.37,,11,7,,9,3,,5,6,,1662,1645,,1000,580,1338,.433,149,447,.333,353,481,.734,207,796,267,164,73,302,373
133,Indiana,26,12,14,.462,14.54,13.77,,7,12,,6,6,,3,7,,1832,1812,,1075,633,1454,.435,156,472,.331,410,611,.671,232,900,362,149,97,313,465
134,Iona,13,8,5,.615,-2.00,-7.00,,6,3,,4,2,,4,3,,971,906,,520,336,741,.453,106,295,.359,193,259,.745,143,471,196,92,60,209,297
135,Iowa State,23,2,21,.087,-0.62,10.73,,0,18,,2,10,,0,11,,1501,1762,,920,561,1341,.418,167,518,.322,212,272,.779,193,723,264,147,73,346,427
136,Iowa,27,20,7,.741,23.85,10.92,,14,6,,14,2,,6,4,,2296,1947,,1085,811,1711,.474,273,689,.396,401,565,.710,310,1092,518,151,118,256,400
137,Purdue-Fort Wayne,23,8,15,.348,-11.02,-7.50,,6,14,,5,6,,3,9,,1728,1809,,955,631,1259,.501,204,510,.400,262,380,.689,177,721,328,156,64,393,413
138,IUPUI,18,8,10,.444,-10.58,-5.97,,7,9,,4,5,,4,5,,1281,1364,,720,452,1069,.423,143,416,.344,234,326,.718,168,608,239,124,40,250,340
139,Jackson State,16,11,5,.688,-11.34,-13.90,,11,0,,6,0,,5,5,,1026,985,,645,346,888,.390,87,263,.331,247,366,.675,168,590,169,130,51,252,310
140,Jacksonville State,27,18,9,.667,-2.50,-5.54,,13,6,,8,3,,7,5,,2005,1851,,1095,723,1568,.461,219,616,.356,340,496,.685,299,1048,383,135,94,360,413
141,Jacksonville,24,11,13,.458,-10.86,-6.45,,5,9,,7,5,,4,8,,1622,1668,,965,577,1320,.437,170,526,.323,298,449,.664,206,800,269,164,63,343,372
142,James Madison,20,13,7,.650,0.62,-2.44,,8,2,,10,3,,3,3,,1562,1409,,800,543,1201,.452,166,486,.342,310,464,.668,220,747,276,149,40,243,375
143,Kansas State,27,8,19,.296,-0.41,9.09,,4,14,,6,12,,2,7,,1653,1913,,1080,599,1465,.409,176,604,.291,279,420,.664,271,887,349,141,43,401,465
144,Kansas,27,19,8,.704,16.66,10.35,,12,6,,13,1,,4,6,,1978,1779,,1085,711,1620,.439,201,586,.343,355,500,.710,311,1037,370,182,113,334,417
145,Kennesaw State,24,5,19,.208,-13.75,-3.27,,1,13,,4,9,,0,9,,1571,1672,,960,571,1359,.420,164,526,.312,265,402,.659,215,815,260,138,60,341,429
146,Kent State,22,15,7,.682,3.87,-0.99,,12,6,,9,2,,6,5,,1701,1550,,885,615,1380,.446,178,544,.327,293,377,.777,282,873,319,149,76,296,371
147,Kentucky,24,9,15,.375,12.81,12.47,,8,9,,5,6,,4,7,,1688,1680,,970,589,1413,.417,149,449,.332,361,492,.734,290,921,294,152,146,344,433
148,La Salle,25,9,16,.360,-2.20,4.21,,6,11,,6,3,,3,11,,1702,1838,,1005,633,1453,.436,195,573,.340,241,352,.685,234,829,318,186,83,361,431
149,Lafayette,15,9,6,.600,-1.78,-2.78,,9,5,,6,3,,3,3,,1165,1150,,620,405,928,.436,129,358,.360,226,281,.804,133,525,243,94,51,163,280
150,Lamar,25,8,17,.320,-13.53,-6.65,,7,10,,5,5,,3,11,,1640,1812,,1010,589,1446,.407,122,402,.303,340,462,.736,255,883,303,181,101,354,420
151,Lehigh,15,4,11,.267,-9.03,-0.76,,4,10,,1,5,,3,6,,1025,1149,,605,388,901,.431,73,231,.316,176,251,.701,137,521,191,90,32,196,268
152,Liberty,28,23,5,.821,4.62,-6.38,,11,2,,13,0,,5,3,,2097,1670,,1120,761,1548,.492,289,740,.391,286,368,.777,198,934,446,128,64,271,407
153,Lipscomb,27,15,12,.556,-6.77,-5.33,,9,6,,10,4,,4,7,,1922,1848,,1085,687,1493,.460,200,569,.351,348,503,.692,208,918,364,167,53,326,376
154,Cal State Long Beach,16,5,11,.313,-11.51,-4.26,,4,8,,4,3,,1,8,,1156,1272,,660,400,914,.438,108,312,.346,248,366,.678,125,550,183,99,50,258,307
155,Long Island University,18,9,9,.500,-5.72,-6.77,,9,9,,6,3,,3,6,,1332,1313,,720,479,1155,.415,134,467,.287,240,360,.667,240,705,293,152,69,259,315
156,Longwood,28,12,16,.429,-7.19,-6.12,,10,10,,8,5,,4,11,,1854,1886,,1120,662,1527,.434,200,579,.345,330,481,.686,268,929,295,173,50,367,485
157,Louisiana,26,17,9,.654,-4.55,-5.21,,10,7,,10,3,,6,4,,1934,1892,,1050,713,1607,.444,185,532,.348,323,463,.698,317,1027,332,145,122,388,457
158,Louisiana-Monroe,26,7,19,.269,-10.36,-5.67,,5,13,,5,8,,2,10,,1670,1792,,1045,609,1464,.416,194,571,.340,258,367,.703,205,791,355,193,74,338,433
159,Louisiana State,24,16,8,.667,15.50,8.25,,11,6,,11,2,,4,6,,1984,1810,,965,697,1487,.469,194,562,.345,396,531,.746,268,915,300,194,66,292,424
160,Louisiana Tech,26,20,6,.769,6.95,-1.69,,12,4,,15,1,,5,5,,1936,1687,,1040,688,1536,.448,197,576,.342,363,533,.681,267,1016,323,176,67,332,397
161,Louisville,19,13,6,.684,11.95,9.69,,8,5,,9,2,,4,4,,1303,1260,,765,475,1084,.438,100,322,.311,253,353,.717,211,725,214,92,36,221,321
162,Loyola (IL),28,24,4,.857,14.82,0.13,,16,2,,13,0,,8,3,,2002,1555,,1130,735,1456,.505,201,546,.368,331,458,.723,201,914,442,194,67,334,399
163,Loyola Marymount,22,13,9,.591,4.57,3.07,,7,5,,8,3,,4,5,,1529,1496,,885,525,1147,.458,135,400,.338,344,474,.726,215,772,280,103,58,351,417
164,Loyola (MD),15,5,10,.333,0.48,-1.45,,4,10,,3,4,,2,6,,1087,1058,,630,406,878,.462,77,257,.300,198,326,.607,169,565,195,112,52,218,278
165,Maine,9,2,7,.222,-14.75,-3.31,,2,6,,1,1,,1,6,,478,581,,360,172,452,.381,64,203,.315,70,123,.569,69,281,108,51,40,147,161
166,Manhattan,19,7,12,.368,-11.33,-7.33,,6,12,,4,6,,3,6,,1210,1286,,780,417,1096,.380,113,417,.271,263,392,.671,233,680,225,145,69,278,427
167,Marist,20,12,8,.600,-7.77,-7.82,,10,8,,6,3,,6,5,,1270,1269,,810,455,1053,.432,134,434,.309,226,330,.685,144,698,222,111,78,291,349
168,Marquette,26,13,13,.500,10.05,9.39,,8,11,,7,7,,6,6,,1834,1817,,1045,640,1426,.449,174,531,.328,380,516,.736,251,947,326,132,96,372,447
169,Marshall,21,15,6,.714,6.75,-1.16,,9,5,,9,3,,6,3,,1690,1524,,845,628,1315,.478,194,533,.364,240,330,.727,173,745,336,164,110,251,319
170,Maryland-Baltimore County,20,14,6,.700,-0.24,-4.89,,10,4,,5,4,,9,2,,1391,1298,,800,483,1099,.439,139,408,.341,286,402,.711,175,730,219,102,35,258,336
171,Maryland-Eastern Shore,0,0,0,,,,,0,0,,0,0,,0,0,,,,,,,,,,,,,,,,,,,,,
172,Maryland,27,15,12,.556,15.47,12.74,,9,11,,11,6,,4,6,,1861,1748,,1080,652,1424,.458,220,617,.357,337,481,.701,172,904,359,136,94,302,402
173,Massachusetts-Lowell,22,11,11,.500,-4.72,-2.81,,7,8,,3,4,,6,5,,1525,1567,,880,542,1179,.460,143,399,.358,298,452,.659,191,756,262,112,84,320,451
174,Massachusetts,15,8,7,.533,6.01,2.28,,6,4,,4,3,,3,3,,1151,1095,,615,394,920,.428,132,405,.326,231,315,.733,136,517,224,110,61,181,261
175,McNeese State,23,10,13,.435,-18.02,-10.90,,4,11,,7,5,,3,8,,1859,1651,,920,694,1403,.495,197,502,.392,274,399,.687,244,854,428,167,45,339,395
176,Memphis,22,15,7,.682,12.63,2.85,,11,4,,10,1,,4,3,,1586,1371,,880,575,1305,.441,166,467,.355,270,437,.618,269,885,355,197,112,360,428
177,Mercer,29,18,11,.621,1.87,-1.02,,8,9,,9,4,,6,6,,2225,2082,,1180,832,1738,.479,250,673,.371,311,433,.718,252,1053,479,200,86,373,445
178,Merrimack,18,9,9,.500,-7.02,-6.63,,9,9,,6,3,,3,6,,1193,1200,,725,434,967,.449,126,398,.317,199,300,.663,124,556,216,144,68,245,305
179,Miami (FL),24,8,16,.333,3.35,8.64,,4,15,,7,8,,1,8,,1582,1709,,965,570,1362,.419,135,460,.293,307,443,.693,234,851,269,160,94,304,299
180,Miami (OH),22,12,10,.545,-1.44,-2.01,,9,8,,7,4,,5,6,,1600,1573,,885,573,1307,.438,191,522,.366,263,341,.771,217,766,268,98,56,240,370
181,Michigan State,26,15,11,.577,11.59,12.74,,9,11,,12,3,,3,8,,1807,1837,,1040,646,1521,.425,168,521,.322,347,476,.729,285,978,418,116,123,334,512
182,Michigan,22,19,3,.864,23.65,12.33,,14,3,,13,1,,6,2,,1684,1435,,885,617,1265,.488,165,427,.386,283,370,.765,200,831,336,97,97,256,329
183,Middle Tennessee,22,5,17,.227,-10.34,-0.82,,3,13,,5,6,,0,9,,1370,1551,,880,495,1276,.388,163,507,.321,217,319,.680,217,743,219,159,50,333,360
184,Milwaukee,22,10,12,.455,-6.67,-5.94,,7,10,,4,5,,6,6,,1662,1678,,900,588,1348,.436,159,484,.329,327,447,.732,197,770,285,134,47,244,405
185,Minnesota,27,13,14,.481,12.06,12.83,,6,14,,13,4,,0,10,,1977,1998,,1095,658,1668,.394,194,678,.286,467,618,.756,315,984,374,169,122,296,502
186,Mississippi State,27,14,13,.519,9.96,6.21,,8,10,,9,6,,5,4,,1875,1774,,1100,699,1535,.455,145,415,.349,332,518,.641,329,1049,351,176,128,402,421
187,Mississippi Valley State,23,2,21,.087,-38.51,-7.82,,2,13,,1,5,,1,16,,1300,2006,,920,458,1284,.357,207,623,.332,177,312,.567,155,709,256,104,67,416,413
188,Mississippi,25,15,10,.600,11.97,6.37,,10,8,,10,4,,5,6,,1717,1577,,1005,624,1411,.442,130,437,.297,339,488,.695,298,904,309,198,94,349,429
189,Missouri-Kansas City,24,11,13,.458,-5.28,-3.03,,7,7,,8,3,,2,8,,1683,1502,,960,642,1292,.497,149,407,.366,250,379,.660,175,730,355,190,50,300,524
190,Missouri State,24,17,7,.708,5.50,0.32,,12,6,,9,4,,7,2,,1762,1594,,960,637,1332,.478,180,515,.350,308,415,.742,188,887,325,112,69,305,369
191,Missouri,23,15,8,.652,13.21,11.21,,8,8,,8,4,,6,4,,1704,1658,,930,598,1327,.451,160,502,.319,348,499,.697,231,821,306,151,81,303,453
192,Monmouth,19,12,7,.632,-3.66,-6.50,,12,6,,7,2,,5,5,,1461,1407,,775,499,1166,.428,148,405,.365,315,446,.706,191,722,270,153,67,261,394
193,Montana State,20,11,9,.550,-7.54,-6.32,,8,6,,5,3,,6,6,,1497,1450,,810,518,1127,.460,132,386,.342,329,439,.749,169,663,237,113,41,250,376
194,Montana,25,13,12,.520,-3.84,-2.34,,7,9,,8,4,,5,8,,1782,1659,,1015,624,1350,.462,136,366,.372,398,503,.791,197,844,324,114,65,333,508
195,Morehead State,30,23,7,.767,-0.26,-4.37,,17,3,,12,1,,8,5,,2065,1902,,1210,738,1601,.461,197,562,.351,392,575,.682,309,1125,382,132,150,459,432
196,Morgan State,19,12,7,.632,-6.38,-11.00,,7,5,,5,5,,7,2,,1533,1399,,760,532,1208,.440,162,466,.348,307,414,.742,251,743,295,148,71,292,393
197,Mount St. Mary's,21,11,10,.524,-3.83,-5.07,,9,7,,6,3,,5,6,,1329,1303,,850,485,1135,.427,141,416,.339,218,323,.675,226,775,249,96,81,281,317
198,Murray State,26,13,13,.500,-2.30,-7.63,,10,10,,9,4,,4,8,,1986,1739,,1045,757,1522,.497,212,576,.368,260,387,.672,239,939,435,175,91,347,432
199,Navy,18,15,3,.833,4.00,-0.50,,12,1,,8,2,,6,1,,1287,1206,,730,466,1042,.447,111,340,.326,244,344,.709,204,631,222,147,43,223,301
200,Omaha,25,5,20,.200,-13.13,-2.49,,3,11,,1,5,,3,12,,1683,1949,,1000,625,1494,.418,133,397,.335,300,436,.688,212,853,236,141,75,327,471
201,Nebraska,26,7,19,.269,7.23,13.43,,3,16,,6,9,,1,10,,1823,1932,,1045,647,1544,.419,219,651,.336,310,488,.635,233,952,355,185,84,368,450
202,Nevada-Las Vegas,25,11,14,.440,-1.68,1.32,,8,10,,8,4,,3,7,,1742,1696,,1000,656,1474,.445,210,600,.350,220,312,.705,261,903,327,159,69,309,460
203,Nevada,24,15,9,.625,4.67,1.11,,8,7,,10,2,,2,7,,1757,1653,,960,596,1331,.448,187,528,.354,378,501,.754,191,854,347,133,72,303,473
204,New Hampshire,19,10,9,.526,-7.15,-5.65,,9,6,,5,6,,5,3,,1278,1266,,765,452,1124,.402,129,405,.319,245,358,.684,205,706,213,104,55,209,344
205,New Mexico State,17,10,7,.588,-2.77,-6.49,,7,6,,4,2,,5,5,,1211,1086,,680,421,996,.423,145,472,.307,224,310,.723,214,624,219,88,39,206,294
206,New Mexico,21,6,15,.286,-12.45,-1.66,,1,8,,0,0,,3,8,,1359,1493,,850,515,1247,.413,93,354,.263,236,397,.594,283,816,262,118,85,311,372
207,New Orleans,23,9,14,.391,-10.88,-8.97,,8,7,,6,3,,2,10,,1740,1765,,930,653,1383,.472,126,391,.322,308,421,.732,235,818,365,169,65,385,479
208,Niagara,18,8,10,.444,-6.74,-6.18,,7,9,,5,3,,3,7,,1162,1172,,720,407,990,.411,118,365,.323,230,326,.706,141,564,213,101,33,178,295
209,Nicholls State,23,17,6,.739,-4.61,-9.43,,14,2,,8,1,,7,5,,1827,1676,,930,685,1487,.461,185,554,.334,272,405,.672,252,876,313,211,75,300,429
210,NJIT,19,7,12,.368,-8.89,-4.84,,6,10,,3,5,,4,6,,1256,1333,,770,440,1088,.404,119,390,.305,257,372,.691,168,596,181,127,42,212,336
211,Norfolk State,21,14,7,.667,-6.57,-9.67,,8,4,,7,4,,6,3,,1572,1470,,845,540,1240,.435,159,437,.364,333,477,.698,215,772,248,131,67,275,409
212,North Alabama,24,13,11,.542,-9.67,-5.92,,7,8,,8,4,,3,6,,1756,1666,,970,624,1457,.428,192,569,.337,316,424,.745,263,936,272,141,77,332,423
213,North Carolina-Asheville,20,10,10,.500,-6.28,-6.88,,9,5,,6,4,,4,6,,1468,1456,,815,548,1151,.476,161,450,.358,211,348,.606,186,669,254,140,87,302,368
214,North Carolina A&T,21,11,10,.524,-13.51,-7.30,,7,1,,5,4,,5,6,,1517,1523,,845,536,1273,.421,137,429,.319,308,468,.658,228,736,285,183,56,294,367
215,North Carolina Central,13,5,8,.385,-13.49,-8.07,,3,5,,4,2,,0,6,,884,916,,525,314,731,.430,90,259,.347,166,236,.703,114,422,160,99,34,192,270
216,North Carolina-Greensboro,29,21,8,.724,3.94,-2.24,,13,5,,7,3,,10,3,,2135,1956,,1165,803,1894,.424,221,736,.300,308,451,.683,370,1142,356,217,114,319,524
217,North Carolina State,22,13,9,.591,11.12,7.08,,9,8,,7,4,,5,5,,1616,1527,,885,595,1257,.473,148,408,.363,278,399,.697,214,715,288,186,104,284,358
218,North Carolina-Wilmington,17,7,10,.412,-6.13,-5.76,,1,6,,3,4,,3,4,,1297,1253,,685,442,1011,.437,128,371,.345,285,372,.766,162,548,206,103,60,190,306
219,North Carolina,25,16,9,.640,15.04,9.88,,10,6,,10,1,,3,7,,1871,1742,,1000,686,1553,.442,134,433,.309,365,544,.671,383,1069,393,178,109,379,422
220,North Dakota State,26,15,11,.577,-0.93,-3.20,,11,5,,6,2,,5,7,,1811,1752,,1045,634,1427,.444,177,524,.338,366,482,.759,244,956,269,100,68,327,412
221,North Dakota,26,9,17,.346,-10.80,-3.80,,8,8,,5,3,,3,11,,1787,1969,,1055,623,1454,.428,190,564,.337,351,503,.698,214,844,306,134,55,340,448
222,North Florida,23,8,15,.348,-11.03,-4.18,,6,6,,5,3,,3,10,,1601,1725,,920,570,1282,.445,229,625,.366,232,325,.714,204,751,296,102,76,344,386
223,North Texas,22,13,9,.591,7.36,-0.02,,9,5,,8,3,,5,6,,1563,1376,,880,576,1190,.484,167,449,.372,244,334,.731,186,734,297,152,63,301,352
224,Northeastern,19,10,9,.526,-0.29,0.81,,8,2,,5,1,,4,7,,1277,1298,,765,457,1044,.438,162,458,.354,201,271,.742,126,623,234,119,44,257,299
225,Northern Arizona,20,5,15,.250,-15.21,-2.46,,4,10,,1,7,,4,7,,1253,1508,,805,452,1092,.414,123,362,.340,226,332,.681,168,570,211,109,29,231,351
226,Northern Colorado,20,10,10,.500,-8.04,-5.34,,6,8,,6,5,,4,5,,1378,1345,,805,488,1100,.444,176,476,.370,226,343,.659,154,687,215,90,49,280,360
227,Northern Illinois,19,3,16,.158,-16.73,-1.63,,2,12,,2,7,,1,9,,1184,1471,,765,456,1143,.399,104,321,.324,168,273,.615,243,684,204,110,65,261,342
228,Northern Iowa,25,10,15,.400,-1.45,2.73,,7,11,,6,5,,3,7,,1738,1779,,1010,647,1461,.443,186,572,.325,258,378,.683,229,894,329,161,64,326,380
229,Northern Kentucky,25,14,11,.560,-5.64,-5.76,,11,7,,9,4,,5,6,,1784,1781,,1015,658,1476,.446,179,584,.307,289,410,.705,305,871,295,161,41,312,417
230,Northwestern State,27,10,17,.370,-13.39,-4.54,,9,7,,6,4,,4,12,,1948,2145,,1090,718,1663,.432,196,569,.344,316,471,.671,275,957,346,182,81,394,503
231,Northwestern,23,9,14,.391,11.31,13.22,,6,13,,7,6,,2,8,,1640,1630,,930,589,1343,.439,195,548,.356,267,367,.728,171,768,343,139,61,270,403
232,Notre Dame,24,10,14,.417,10.45,10.62,,7,11,,6,5,,4,8,,1751,1755,,960,630,1360,.463,217,590,.368,274,356,.770,166,805,364,102,91,251,306
233,Oakland,29,12,17,.414,-7.88,-1.50,,10,10,,5,4,,6,11,,2171,2356,,1200,752,1794,.419,248,740,.335,419,599,.699,337,1018,430,241,54,376,428
234,Ohio State,26,18,8,.692,19.96,13.04,,12,8,,10,4,,7,4,,1998,1818,,1040,679,1475,.460,212,587,.361,428,556,.770,253,934,329,119,86,271,470
235,Ohio,20,13,7,.650,3.93,-1.91,,9,5,,8,3,,4,4,,1604,1473,,800,592,1222,.484,169,482,.351,251,357,.703,191,690,362,136,47,239,320
236,Oklahoma State,25,18,7,.720,13.62,9.22,,11,7,,10,3,,8,4,,1917,1807,,1025,687,1473,.466,160,474,.338,383,539,.711,275,968,328,184,105,400,424
237,Oklahoma,23,14,9,.609,14.34,8.30,,9,8,,10,3,,4,6,,1728,1589,,935,619,1413,.438,185,556,.333,305,411,.742,234,838,307,169,76,244,339
238,Old Dominion,22,15,7,.682,-0.83,-0.88,,11,5,,9,1,,6,6,,1516,1495,,885,563,1255,.449,111,380,.292,279,404,.691,216,795,274,167,81,280,353
239,Oral Roberts,25,15,10,.600,-0.68,-2.45,,10,5,,8,3,,5,7,,2051,1898,,1000,708,1555,.455,285,724,.394,350,425,.824,212,878,315,162,100,290,445
240,Oregon State,26,14,12,.538,6.25,7.09,,10,10,,10,6,,4,6,,1821,1770,,1045,637,1476,.432,174,509,.342,373,491,.760,271,882,383,160,90,293,487
241,Oregon,24,19,5,.792,14.01,6.76,,14,4,,11,2,,7,2,,1779,1605,,960,656,1399,.469,202,532,.380,265,372,.712,225,802,318,178,86,278,377
242,Pacific,18,9,9,.500,1.66,4.25,,6,7,,6,2,,3,6,,1256,1272,,735,479,1093,.438,93,311,.299,205,302,.679,182,622,233,116,61,215,335
243,Penn State,23,10,13,.435,14.94,15.54,,7,12,,7,5,,3,8,,1670,1684,,930,588,1445,.407,207,607,.341,287,393,.730,281,836,303,183,54,262,410
244,Pennsylvania,0,0,0,,,,,0,0,,0,0,,0,0,,,,,,,,,,,,,,,,,,,,,
245,Pepperdine,24,12,12,.500,3.78,5.23,,7,6,,7,5,,3,5,,1830,1790,,980,650,1425,.456,168,521,.322,362,464,.780,193,834,381,151,70,319,462
246,Pittsburgh,21,10,11,.476,9.42,8.04,,6,10,,7,6,,3,5,,1493,1464,,840,525,1222,.430,134,402,.333,309,459,.673,267,806,312,130,75,263,362
247,Portland State,21,9,12,.429,-6.56,-5.44,,6,8,,7,6,,2,6,,1446,1386,,845,513,1279,.401,146,487,.300,274,411,.667,276,800,240,172,66,288,420
248,Portland,21,6,15,.286,-13.93,3.74,,0,11,,5,8,,1,6,,1459,1748,,845,488,1187,.411,153,451,.339,330,426,.775,138,600,250,132,61,292,340
249,Prairie View,18,14,4,.778,-7.41,-14.52,,13,0,,8,0,,5,3,,1270,1142,,720,482,1064,.453,116,384,.302,190,285,.667,191,615,302,182,78,257,378
250,Presbyterian,22,7,15,.318,-13.28,-8.32,,5,12,,5,6,,2,9,,1411,1476,,885,499,1199,.416,128,418,.306,285,416,.685,248,739,235,154,49,334,440
251,Princeton,0,0,0,,,,,0,0,,0,0,,0,0,,,,,,,,,,,,,,,,,,,,,
252,Providence,25,13,12,.520,10.65,10.21,,9,10,,8,3,,4,7,,1754,1743,,1020,637,1472,.433,157,487,.322,323,454,.711,262,893,340,141,77,290,422
253,Purdue,26,18,8,.692,17.83,12.49,,13,6,,11,1,,5,6,,1842,1703,,1040,662,1465,.452,183,547,.335,335,465,.720,281,980,370,136,85,330,458
254,Quinnipiac,21,9,12,.429,-7.36,-6.93,,7,10,,8,5,,1,5,,1437,1446,,855,489,1201,.407,162,496,.327,297,425,.699,160,760,267,118,98,301,403
255,Radford,27,15,12,.556,-5.53,-5.93,,12,6,,9,5,,6,6,,1826,1745,,1100,644,1408,.457,158,504,.313,380,558,.681,297,999,301,164,48,403,424
256,Rhode Island,25,10,15,.400,6.22,5.86,,7,10,,6,3,,2,9,,1786,1777,,1020,635,1436,.442,143,458,.312,373,558,.668,266,962,303,164,114,353,444
257,Rice,25,13,12,.520,-4.30,-1.76,,6,10,,9,3,,3,9,,1875,1869,,1000,661,1510,.438,260,734,.354,293,403,.727,252,943,382,137,53,378,352
258,Richmond,21,13,8,.619,9.67,5.67,,6,5,,6,4,,5,3,,1574,1453,,840,575,1213,.474,156,441,.354,268,367,.730,135,635,305,186,44,222,320
259,Rider,22,6,16,.273,-11.03,-4.94,,5,13,,1,8,,4,8,,1493,1627,,885,542,1273,.426,140,400,.350,269,365,.737,200,748,273,110,46,277,418
260,Robert Morris,19,4,15,.211,-11.96,-4.30,,3,12,,3,6,,1,9,,1374,1494,,790,518,1169,.443,142,394,.360,196,299,.656,207,646,299,124,57,254,348
261,Rutgers,24,14,10,.583,15.52,13.19,,10,10,,10,4,,4,6,,1690,1634,,965,647,1430,.452,149,471,.316,247,396,.624,239,858,336,190,127,271,417
262,Sacramento State,19,8,11,.421,-8.27,-4.33,,5,9,,5,3,,3,8,,1360,1352,,775,497,1096,.453,126,352,.358,240,352,.682,182,608,246,133,43,198,342
263,Sacred Heart,18,9,9,.500,-10.22,-5.49,,9,7,,4,3,,5,6,,1265,1350,,735,431,1046,.412,143,434,.329,260,351,.741,195,647,241,88,38,233,299
264,Saint Francis (PA),22,6,16,.273,-8.40,-3.90,,5,13,,4,6,,2,10,,1515,1614,,890,541,1266,.427,129,417,.309,304,426,.714,228,779,282,127,47,312,378
265,Saint Joseph's,20,5,15,.250,-3.42,7.03,,3,9,,3,3,,1,9,,1443,1652,,825,506,1238,.409,191,609,.314,240,331,.725,165,675,287,120,36,281,358
266,Saint Louis,20,14,6,.700,13.10,2.75,,6,4,,12,1,,1,4,,1507,1300,,800,559,1205,.464,131,372,.352,258,367,.703,249,774,353,141,63,241,341
267,Saint Mary's (CA),23,14,9,.609,7.66,5.88,,4,6,,9,3,,2,3,,1475,1434,,920,538,1279,.421,141,482,.293,258,354,.729,198,792,241,142,72,260,387
268,Saint Peter's,23,13,10,.565,-4.23,-5.66,,10,8,,8,3,,4,7,,1458,1425,,920,508,1288,.394,141,445,.317,301,433,.695,257,860,267,192,124,345,470
269,Sam Houston State,27,19,8,.704,-2.77,-4.47,,13,3,,12,1,,7,6,,2160,1899,,1080,769,1697,.453,245,693,.354,377,544,.693,306,995,420,232,84,386,553
270,Samford,19,6,13,.316,-8.40,-1.11,,2,9,,4,5,,2,7,,1460,1510,,775,541,1218,.444,151,484,.312,227,331,.686,222,755,283,129,47,308,397
271,San Diego State,24,20,4,.833,15.11,1.98,,14,3,,13,2,,6,2,,1786,1442,,965,620,1367,.454,211,555,.380,335,465,.720,240,877,340,199,68,281,438
272,San Diego,14,3,11,.214,-6.49,4.37,,2,7,,0,5,,3,5,,927,1079,,565,352,847,.416,82,270,.304,141,217,.650,112,469,185,94,48,185,252
273,San Francisco,25,11,14,.440,5.03,2.87,,4,9,,3,5,,4,6,,1786,1732,,1000,647,1514,.427,259,760,.341,233,325,.717,226,833,295,179,81,292,483
274,San Jose State,20,5,15,.250,-16.61,1.28,,2,12,,4,6,,0,8,,1301,1599,,800,465,1191,.390,148,474,.312,223,346,.645,164,688,198,97,57,255,329
275,Santa Clara,20,12,8,.600,-1.11,1.10,,4,5,,6,3,,4,3,,1393,1412,,800,486,1121,.434,110,359,.306,311,455,.684,164,729,240,88,78,260,357
276,Seattle,21,11,10,.524,-6.37,-5.43,,4,5,,6,3,,3,6,,1547,1431,,845,546,1304,.419,171,544,.314,284,384,.740,220,716,251,137,77,226,398
277,Seton Hall,25,13,12,.520,12.20,10.48,,10,9,,7,4,,6,7,,1789,1746,,1010,624,1403,.445,170,527,.323,371,502,.739,249,854,326,161,106,322,403
278,Siena,16,12,4,.750,-2.98,-8.04,,12,4,,6,2,,6,2,,1097,1016,,640,391,852,.459,103,299,.344,212,317,.669,148,565,207,88,52,202,240
279,South Alabama,28,17,11,.607,-5.45,-5.28,,10,7,,10,5,,6,5,,2075,1985,,1135,715,1621,.441,256,707,.362,389,542,.718,269,996,314,200,91,333,434
280,South Carolina State,18,1,17,.056,-23.87,-6.54,,1,7,,1,6,,0,11,,1102,1414,,720,401,1033,.388,123,388,.317,177,285,.621,175,563,178,106,50,312,334
281,South Carolina Upstate,23,5,18,.217,-13.01,-4.51,,5,11,,3,8,,2,10,,1515,1712,,920,538,1269,.424,171,508,.337,268,372,.720,186,717,276,143,57,325,426
282,South Carolina,20,6,14,.300,4.55,10.65,,4,12,,3,6,,2,7,,1464,1586,,800,545,1305,.418,140,455,.308,234,359,.652,256,723,270,172,74,304,383
283,South Dakota State,23,16,7,.696,2.76,-2.56,,9,3,,8,1,,4,2,,1850,1690,,920,655,1315,.498,185,458,.404,355,496,.716,178,822,327,127,71,283,370
284,South Dakota,25,14,11,.560,-1.64,-3.89,,11,4,,7,2,,5,4,,1899,1805,,1000,674,1438,.469,186,478,.389,365,468,.780,180,870,349,114,61,268,467
285,South Florida,20,8,12,.400,-0.33,6.67,,4,10,,4,6,,3,4,,1309,1432,,805,464,1152,.403,123,380,.324,258,402,.642,252,745,227,109,53,289,346
286,Southeast Missouri State,27,11,16,.407,-9.66,-6.99,,9,11,,7,6,,3,9,,1864,1936,,1110,630,1468,.429,205,582,.352,399,595,.671,258,949,374,185,64,415,513
287,Southeastern Louisiana,24,7,17,.292,-16.89,-7.31,,5,11,,3,4,,4,13,,1641,1871,,975,544,1374,.396,167,552,.303,386,577,.669,289,825,241,157,60,387,474
288,Southern California,27,21,6,.778,17.67,7.45,,15,5,,13,2,,7,3,,2007,1731,,1090,732,1575,.465,169,492,.343,374,581,.644,340,1077,374,133,141,339,415
289,SIU Edwardsville,26,9,17,.346,-14.37,-5.45,,7,12,,2,8,,6,7,,1709,1897,,1040,619,1403,.441,156,490,.318,315,463,.680,226,852,337,153,121,413,438
290,Southern Illinois,26,12,14,.462,-3.23,1.05,,5,13,,8,5,,3,8,,1704,1770,,1050,614,1362,.451,210,560,.375,266,400,.665,139,772,352,160,48,311,370
291,Southern Methodist,15,11,4,.733,12.05,4.38,,7,4,,6,2,,5,2,,1114,999,,600,402,879,.457,110,324,.340,200,271,.738,153,559,230,92,68,208,257
292,Southern Mississippi,24,8,16,.333,-6.54,-1.95,,4,13,,6,7,,2,9,,1553,1607,,965,581,1338,.434,132,407,.324,259,384,.674,201,847,285,140,48,337,384
293,Southern Utah,22,19,3,.864,0.22,-6.55,,12,2,,14,0,,5,3,,1853,1506,,880,642,1343,.478,195,579,.337,374,506,.739,245,874,317,156,56,270,372
294,Southern,18,8,10,.444,-12.96,-12.80,,8,6,,5,2,,3,7,,1260,1263,,730,444,1022,.434,99,302,.328,273,406,.672,171,654,257,143,49,289,375
295,St. Bonaventure,19,15,4,.789,14.94,4.73,,11,4,,8,1,,4,3,,1336,1142,,760,496,1099,.451,123,351,.350,221,303,.729,216,703,284,117,74,211,290
296,St. Francis (NY),19,9,10,.474,-8.22,-6.38,,9,9,,4,6,,5,4,,1476,1511,,765,542,1215,.446,118,356,.331,274,373,.735,216,688,271,153,66,229,383
297,St. John's (NY),26,16,10,.615,10.73,8.11,,10,9,,11,3,,4,6,,2063,1995,,1050,755,1671,.452,194,556,.349,359,479,.749,288,931,430,238,104,332,469
298,Stanford,26,14,12,.538,9.09,8.24,,10,10,,5,4,,6,6,,1825,1803,,1060,658,1408,.467,140,436,.321,369,516,.715,204,883,323,183,90,392,434
299,Stephen F. Austin,21,16,5,.762,-1.63,-8.47,,13,3,,10,1,,6,4,,1686,1484,,850,622,1195,.521,100,297,.337,342,503,.680,243,749,331,199,73,348,419
300,Stetson,25,11,14,.440,-7.28,-4.46,,7,9,,7,5,,3,8,,1800,1767,,1005,642,1470,.437,236,622,.379,280,401,.698,259,870,351,178,68,331,404
301,Stony Brook,23,9,14,.391,-5.20,-3.79,,7,9,,5,5,,4,8,,1522,1509,,930,543,1318,.412,140,473,.296,296,434,.682,262,875,278,129,114,318,387
302,Syracuse,23,15,8,.652,13.20,8.42,,9,7,,13,1,,2,7,,1738,1628,,925,618,1417,.436,181,551,.328,321,409,.785,251,834,347,206,114,261,332
303,Tarleton State,20,10,10,.500,-8.07,-3.80,,5,7,,6,3,,4,7,,1467,1246,,800,530,1129,.469,110,291,.378,297,412,.721,170,639,294,209,53,231,391
304,Temple,15,5,10,.333,3.33,6.40,,4,10,,3,5,,2,5,,982,1028,,600,324,807,.401,108,319,.339,226,317,.713,141,539,198,64,31,203,259
305,Tennessee-Martin,24,8,16,.333,-18.85,-5.33,,6,14,,6,7,,2,9,,1571,1847,,970,556,1393,.399,165,495,.333,294,409,.719,260,775,289,172,62,343,429
306,Tennessee State,23,4,19,.174,-13.48,-6.62,,3,17,,4,8,,0,11,,1573,1702,,930,568,1342,.423,138,480,.288,299,438,.683,215,775,268,170,73,353,478
307,Tennessee Tech,27,5,22,.185,-13.45,-3.15,,5,15,,5,6,,0,16,,1797,2075,,1085,656,1517,.432,208,648,.321,277,410,.676,245,908,380,176,62,430,430
308,Tennessee,24,17,7,.708,18.13,8.38,,10,7,,13,3,,4,4,,1739,1505,,960,608,1371,.443,157,466,.337,366,491,.745,259,859,357,172,109,293,392
309,Texas A&M-Corpus Christi,24,5,19,.208,-16.69,-6.02,,2,13,,4,8,,1,10,,1554,1716,,960,542,1296,.418,153,464,.330,317,463,.685,206,816,308,165,74,401,425
310,Texas A&M,17,8,9,.471,3.02,5.20,,2,8,,6,4,,2,4,,1089,1126,,680,374,900,.416,110,366,.301,231,316,.731,182,564,201,120,32,252,282
311,Texas-Arlington,26,13,13,.500,-6.90,-4.25,,9,8,,9,4,,3,8,,1916,1827,,1045,677,1658,.408,235,659,.357,327,444,.736,303,974,353,214,122,311,434
312,Texas Christian,25,12,13,.480,3.93,7.65,,5,11,,6,7,,3,6,,1688,1781,,1005,605,1374,.440,171,499,.343,305,451,.676,243,864,330,149,88,352,394
313,Texas-El Paso,23,12,11,.522,1.49,1.39,,8,8,,10,2,,2,9,,1628,1568,,925,584,1371,.426,168,506,.332,292,391,.747,199,794,279,145,64,254,400
314,Texas-Rio Grande Valley,18,9,9,.500,-9.47,-5.90,,2,5,,8,3,,1,6,,1315,1210,,720,455,1112,.409,124,413,.300,281,440,.639,249,719,277,166,78,269,393
315,Texas-San Antonio,24,14,10,.583,-1.33,-0.33,,9,7,,12,2,,2,8,,1911,1764,,960,712,1583,.450,196,578,.339,291,383,.760,278,927,351,154,79,284,437
316,Texas Southern,21,13,8,.619,-8.56,-10.31,,10,3,,8,2,,5,6,,1553,1475,,840,563,1265,.445,97,342,.284,330,474,.696,256,861,259,153,98,332,373
317,Texas State,25,18,7,.720,-3.66,-7.18,,12,3,,8,3,,9,3,,1660,1543,,1015,629,1359,.463,139,366,.380,263,372,.707,231,821,331,171,73,332,421
318,Texas Tech,26,17,9,.654,16.72,6.68,,9,8,,11,4,,5,4,,1906,1645,,1050,662,1489,.445,162,468,.346,420,588,.714,299,914,337,183,108,283,457
319,Texas,24,17,7,.708,16.22,9.52,,11,6,,8,5,,6,2,,1798,1637,,975,631,1394,.453,207,587,.353,329,469,.701,258,928,317,155,90,334,479
320,Toledo,27,20,7,.741,8.53,-1.43,,15,4,,12,1,,7,5,,2196,1927,,1090,768,1677,.458,292,757,.386,368,469,.785,282,1018,441,164,65,296,409
321,Towson,18,4,14,.222,-8.97,-1.47,,3,9,,4,4,,0,6,,1214,1349,,730,434,1055,.411,90,311,.289,256,352,.727,225,666,170,90,50,224,318
322,Troy,28,11,17,.393,-11.42,-3.42,,4,12,,7,4,,2,11,,1829,1942,,1125,636,1596,.398,171,619,.276,386,555,.695,302,1056,320,175,87,417,480
323,Tulane,21,9,12,.429,0.98,2.93,,4,12,,6,6,,3,6,,1341,1382,,840,440,1158,.380,141,467,.302,320,424,.755,176,691,241,158,63,246,335
324,Tulsa,22,11,11,.500,5.06,6.01,,7,9,,7,5,,4,4,,1503,1432,,880,542,1196,.453,147,472,.311,272,402,.677,189,738,309,142,43,296,361
325,UCLA,25,17,8,.680,12.93,8.25,,13,6,,11,1,,5,6,,1815,1698,,1025,659,1422,.463,168,451,.373,329,457,.720,241,868,346,127,66,276,392
326,Utah State,25,18,7,.720,11.01,0.14,,13,4,,10,2,,5,3,,1859,1572,,1000,682,1508,.452,165,482,.342,330,460,.717,313,1013,412,178,116,343,385
327,Utah Valley,21,11,10,.524,-3.57,-2.52,,9,4,,8,4,,3,6,,1570,1557,,845,575,1189,.484,111,314,.354,309,496,.623,223,814,366,110,98,316,409
328,Utah,23,11,12,.478,9.75,7.10,,8,11,,8,5,,3,7,,1620,1559,,920,597,1281,.466,152,438,.347,274,346,.792,175,716,354,129,80,294,374
329,Valparaiso,28,10,18,.357,-3.63,1.71,,7,11,,6,6,,4,11,,1821,1902,,1130,660,1576,.419,189,635,.298,312,429,.727,196,920,356,183,97,346,445
330,Vanderbilt,23,8,15,.348,6.57,7.44,,3,13,,6,7,,2,8,,1652,1672,,920,565,1304,.433,212,602,.352,310,430,.721,228,778,292,163,56,324,408
331,Vermont,15,10,5,.667,2.88,-6.72,,10,4,,6,3,,4,2,,1095,951,,610,383,828,.463,116,337,.344,213,273,.780,126,524,211,75,39,183,266
332,Villanova,21,16,5,.762,18.50,9.65,,11,4,,9,0,,4,4,,1591,1405,,845,557,1236,.451,194,546,.355,283,366,.773,202,725,323,113,32,193,320
333,Virginia Commonwealth,25,19,6,.760,12.57,5.41,,10,4,,12,2,,5,3,,1799,1620,,1005,637,1406,.453,162,492,.329,363,477,.761,233,858,338,236,136,371,467
334,VMI,25,13,12,.520,0.26,-0.10,,7,7,,11,1,,1,10,,2001,1897,,1010,706,1517,.465,270,711,.380,319,413,.772,203,963,393,134,75,314,364
335,Virginia Tech,20,15,5,.750,14.09,6.74,,9,4,,10,2,,3,3,,1442,1295,,810,506,1123,.451,165,467,.353,265,377,.703,191,706,285,93,81,234,319
336,Virginia,23,17,6,.739,16.98,8.59,,13,4,,10,1,,6,3,,1575,1382,,925,583,1211,.481,193,500,.386,216,266,.812,147,729,318,113,97,214,296
337,Wagner,20,13,7,.650,-3.36,-5.91,,13,5,,7,3,,6,4,,1425,1374,,815,533,1205,.442,117,368,.318,242,337,.718,247,713,258,147,51,246,406
338,Wake Forest,21,6,15,.286,2.78,9.28,,3,15,,5,6,,1,9,,1381,1503,,845,474,1154,.411,183,535,.342,250,345,.725,183,680,238,133,47,293,352
339,Washington State,26,14,12,.538,6.14,4.71,,7,12,,11,5,,3,6,,1794,1757,,1070,609,1481,.411,202,588,.344,374,527,.710,294,986,320,160,92,391,477
340,Washington,25,5,20,.200,-0.47,9.53,,4,16,,4,7,,1,9,,1664,1914,,1000,604,1443,.419,186,565,.329,270,384,.703,203,778,265,148,92,341,451
341,Weber State,22,17,5,.773,2.89,-6.16,,12,3,,11,0,,6,5,,1806,1514,,880,631,1242,.508,186,473,.393,358,456,.785,139,726,336,144,68,276,363
342,West Virginia,26,18,8,.692,16.05,10.55,,11,6,,8,5,,7,2,,2018,1875,,1055,683,1594,.428,189,526,.359,463,645,.718,353,998,361,189,74,313,427
343,Western Carolina,27,11,16,.407,-6.80,-1.40,,4,13,,6,5,,4,9,,2039,2129,,1105,716,1577,.454,226,662,.341,381,525,.726,211,928,359,133,75,382,455
344,Western Illinois,22,7,15,.318,-12.64,-4.78,,5,9,,2,5,,4,9,,1606,1746,,880,550,1362,.404,157,497,.316,349,488,.715,258,839,225,116,67,286,444
345,Western Kentucky,24,18,6,.750,5.19,-0.14,,11,3,,11,2,,5,3,,1773,1645,,965,621,1361,.456,149,435,.343,382,489,.781,258,919,317,160,103,357,346
346,Western Michigan,21,5,16,.238,-10.16,0.14,,4,12,,2,9,,3,7,,1325,1511,,840,499,1153,.433,141,427,.330,186,291,.639,167,710,245,93,42,305,346
347,Wichita State,19,15,4,.789,10.35,7.41,,11,2,,10,2,,5,2,,1393,1289,,770,469,1145,.410,156,459,.340,299,433,.691,236,735,249,112,66,220,305
348,William & Mary,17,7,10,.412,-10.28,-3.04,,4,6,,1,3,,5,6,,1101,1224,,685,388,948,.409,98,342,.287,227,303,.749,170,574,183,90,56,232,265
349,Winthrop,24,23,1,.958,5.25,-7.50,,17,1,,11,1,,10,0,,1909,1603,,960,674,1463,.461,203,575,.353,358,522,.686,312,966,361,186,57,340,436
350,Wisconsin,27,16,11,.593,18.16,12.31,,10,10,,11,5,,5,6,,1887,1729,,1090,664,1578,.421,229,649,.353,330,434,.760,227,912,357,163,102,237,440
351,Wofford,24,15,9,.625,2.31,0.31,,12,5,,9,3,,6,4,,1784,1627,,965,646,1374,.470,246,692,.355,246,349,.705,216,829,351,160,48,306,380
352,Wright State,24,18,6,.750,8.08,-6.47,,16,4,,9,4,,9,2,,1967,1618,,965,710,1471,.483,179,484,.370,368,508,.724,284,1015,369,141,87,314,328
353,Wyoming,23,13,10,.565,-2.60,-2.56,,5,9,,7,5,,4,5,,1738,1739,,930,589,1330,.443,228,652,.350,332,468,.709,194,751,317,133,49,266,433
354,Xavier,20,13,7,.650,12.60,7.70,,6,7,,11,2,,2,5,,1502,1404,,805,561,1225,.458,153,476,.321,227,327,.694,188,755,355,143,82,226,312
355,Yale,0,0,0,,,,,0,0,,0,0,,0,0,,,,,,,,,,,,,,,,,,,,,
356,Youngstown State,27,15,12,.556,-8.61,-7.00,,9,11,,10,5,,5,7,,2010,1950,,1095,717,1672,.429,186,606,.307,390,537,.726,346,991,349,163,44,310,441